season,region,section,society,show,opening_date,closing_date,adjudication_date,adjudication_month_raw,venue,director,musical_director,choreographer,review_status,review_url,status
23/24,Western,Sullivan,9 Arch Musical Society,Kinky Boots,2023-11-15,2023-11-18,2024-02-17,,"Town Hall Theatre, Galway",Alan Greaney,Shane Farrell,Jay Molyneux,Published,https://www.aims.ie/post/kinky-boots-as-presented-by-9-arch-musical-society,
23/24,South-West,Sullivan,Aghada Centre Theatre Group,The Addams Family,2024-02-13,2024-02-18,2024-02-18,,Aghada,Sinead Dunlea,Robbie Pender,Aileen McMurtry,Published,https://www.aims.ie/post/the-addams-family-as-presented-by-aghada-centre-theatre-group,
23/24,Midlands,Gilbert,Athlone Musical Society,Urinetown,2024-03-01,2024-03-09,2024-03-07,,Athlone,Alfie Kilduff,Ger Madden,Chris Corroon,Published,https://www.aims.ie/post/urinetown-as-presented-by-athlone-musical-society,
23/24,South-East,Gilbert,Avonmore Musical Society,The Little Mermaid,2024-04-02,2024-04-06,2024-04-05,,"St. Mary's College, Arklow",David Hennessy,Naoimh Penston,Martina Lynch,Published,https://www.aims.ie/post/the-little-mermaid-as-presented-by-avonmore-musical-society,
23/24,Eastern,Sullivan,Baldoyle Musical Society,Legally Blonde,2024-04-16,2024-04-20,2024-04-17,,Baldoyle,Yvette Cuffe Keena,Gay Kirwan,Sinead McCrohan,Published,https://www.aims.ie/post/legally-blonde-as-presented-by-baldoyle-musical-society,
23/24,Midlands,Sullivan,Ballinasloe Musical Society,Little Shop of Horrors,2024-03-19,2024-03-23,2024-03-22,,Ballinsaloe,Ronan Lardner,Shane Farrell,Aoife McClafferty,Published,https://www.aims.ie/post/little-shop-of-horrors-as-presented-by-ballinasloe-musical-society,
23/24,Western,Gilbert,Ballinrobe Musical Society,The Phantom of the Opera,2024-02-11,2024-02-18,2024-02-17,,Ballinrobe,Alan Greaney,Finola Higgins,Aoife McClafferty,Published,https://www.aims.ie/post/phantom-of-the-opera-as-presented-by-ballinrobe-musical-society,
23/24,Northern,Sullivan,Ballyshannon Musical Society,Beautiful: The Carole King Musical,2024-02-27,2024-03-02,,not adjudicated,Donegal,Moya Ferguson,,Karla Lacey,Not adjudicated,,
23/24,Northern,Gilbert,Ballywillan Drama Group,Kinky Boots,2023-05-26,2023-06-10,2023-06-02,,Down,Brian Logan,Andrew Robinson,Laura Fisher,Published,https://www.aims.ie/post/kinky-boots-as-presented-by-ballywillan-drama-group,
23/24,Northern,Gilbert,Ballywillan Drama Group,Fiddler on the Roof,2024-04-19,2024-05-04,2024-04-29,,Down,Brian Logan,Andrew Robinson,Sharon Logan,Published,https://www.aims.ie/post/fiddler-on-the-roof-as-presented-by-ballywillan-drama-group,
23/24,Northern,Gilbert,Banbridge Musical Society,Oklahoma!,2024-04-17,2024-04-20,2024-04-18,,Market Place Armagh,Anthony Fitzpatrick,Dennis McKeever,Aveen Stewart,Published,https://www.aims.ie/post/oklahoma-as-presented-by-banbridge-musical-society,
23/24,Northern,Gilbert,Belfast Operatic Company,The Phantom of the Opera,2024-04-30,2024-05-05,,not adjudicated,Belfast,,,,Not adjudicated,,
23/24,Eastern,Sullivan,Bellvue Academy of Performing Arts,Les Miserables,2024-02-21,2024-02-25,2024-02-23,,Tipperary,Lisa Kelly,Niall Kelly,Claire O’Hara,Published,https://www.aims.ie/post/les-miserables-school-edition-as-presented-by-bellvue-academy-of-performing-arts,
23/24,Midlands,Sullivan,Birr Stage Guild,The Addams Family,2024-03-12,2024-03-16,2024-03-16,,Birr,Paul Norton,,Lisa Hogan,Published,https://www.aims.ie/post/the-addams-family-as-presented-by-birr-stage-guild,
23/24,Northern,Sullivan,Bosco Drama Group,Everybody's Talking About Jamie (Teen Edition),2023-11-05,2023-11-09,2023-11-25,,Newry,Corinna McCaughey,Aislinn McGinn,Anne Marie Morgan,Published,https://www.aims.ie/post/everybody-s-talking-about-jamie-as-presented-by-bosco-drama-group-newry,
23/24,Western,Sullivan,Boyle Musical Society,The Hunchback of Notre Dame,2023-11-22,2023-11-25,2024-02-17,,Roscommon,Vivienne Moran,Anne Kielty,Vivienne Moran,Published,https://www.aims.ie/post/hunchback-of-notre-dame-as-presented-by-boyle-musical-society,
23/24,Western,Gilbert,Bravo Theatre Group,Calendar Girls,2023-09-28,2023-09-30,2023-09-29,,"Town Hall Theatre, Galway",Pat McElwain,Shane Farrell,Jay Molyneux,Published,https://www.aims.ie/post/calendar-girls-as-presented-by-bravo-theatre-group,
23/24,South-East,Sullivan,Bray Musical Society,The Addams Family,2024-04-17,2024-04-20,2024-04-18,,Bray,Emma Thornton,Elizabeth Gregan,Yvonne Prendergast,Published,https://www.aims.ie/post/the-addams-family-as-presented-by-bray-musical-society,
23/24,South-East,Gilbert,Carnew Musical Society,The Addams Family,2023-11-27,2023-12-02,2023-11-30,,Carnew,Michael Dunbar,Conor McCarthy,Graham Finnerty,Published,https://www.aims.ie/post/the-addams-family-as-presented-by-carnew-musical-society,
23/24,South-West,Gilbert,Carrick-on-Suir Musical Society,9 to 5,2024-04-20,2024-04-27,2024-04-26,,"The Strand Theatre, Carrick-on-Suir",Martin McNelis,Eamonn O'Malley,Keithe Greene,Published,https://www.aims.ie/post/9-to-5-as-presented-by-carrick-on-suir-musical-society,
23/24,Western,Sullivan,Castlebar Musical & Dramatic Society,Legally Blonde,2024-03-07,2024-03-09,2024-03-07,,Castelbar,Donna Ruane,Deirdre Lee,Claudia O'Sullivan,Published,https://www.aims.ie/post/legally-blonde-as-presented-by-castlebar-musical-dramatic-society,
23/24,Western,Sullivan,Castlerea Musical Society,9 to 5,2024-04-24,2024-04-27,2024-04-25,,"The Hub, Castlerea",Ronan Lardner,Shane Farrell,Ria Purcell,Published,https://www.aims.ie/post/9-to-5-as-presented-by-castlerea-musical-society,
23/24,South-West,Gilbert,"Cecilian Musical Society, Limerick",Shrek,2023-11-22,2023-11-26,2023-11-25,,Limerick,Des Henn,Michael Young,Barbara Meany,Published,https://www.aims.ie/post/shrek-as-performed-by-cecilian-musical-society,
23/24,Eastern,Sullivan,Clane Musical & Dramatic Society,The Addams Family,2024-04-16,2024-04-20,2024-04-16,,"The Abbey, Clane",Jennifer O'Brien,Gráinne Úi Lúing,Grace McGrath,Published,https://www.aims.ie/post/the-addams-family-as-presented-by-clane-mds,
23/24,Midlands,Gilbert,Clara Musical Society,Sister Act,2024-04-09,2024-04-13,2024-04-13,,,Alan Recks,Alan Recks,Ruth Maher,Published,https://www.aims.ie/post/sister-act-as-presented-by-clara-musical-society,
23/24,Western,Sullivan,Claremorris Musical Society,Young Frankenstein,2024-01-31,2024-02-04,2024-02-18,,"Town Hall Theatre, Claremorris",Donna Ruane,Deirdre Lee,Claudia O'Sullivan,Published,https://www.aims.ie/post/young-frankenstein-as-presented-by-claremorris-musical-society,
23/24,Eastern,Gilbert,Coolmine Musical Society,Seussical,2023-11-14,2023-11-18,2023-11-15,,Draoícht Blanchardstown,Pat McElwain,Caitriona Ní Threasaigh,Nicole McDonald,Published,https://www.aims.ie/post/seussical-as-presented-by-coolmine-musical-society,
23/24,Northern,Sullivan,Craic Theatre,Grease,2024-04-04,2024-04-14,2024-04-13,,Belfast,Sean O'Neill,Roisín Corr,Sean O'Neill,Published,https://www.aims.ie/post/grease-as-performed-by-craic-theatre,
23/24,Eastern,Sullivan,DCU Drama Society,Legally Blonde,2024-04-09,2024-04-11,2024-04-10,,St. Pat's DCU,Amy McLoughlin,Georgia Goodall,Abbie Nolan,Published,https://www.aims.ie/post/legally-blonde-as-presented-by-dcu-drama-soc,
23/24,Eastern,Sullivan,Dun Laoghaire Musical & Dramatic Society,Chess,2024-04-16,2024-04-20,2024-04-19,,Pavillion Theatre,Stephen Fagan,Barry Power,Lauren Dooley,Published,https://www.aims.ie/post/chess-as-presented-by-dun-laoghaire-musical-dramatic-society,
23/24,Eastern,Gilbert,Dunboyne Musical Society,The Addams Family,2024-04-03,2024-04-06,2024-04-06,,Dunboyne,Orla Mulreid Deane,Emer Hartnett,Gráinne Kennedy,Published,https://www.aims.ie/post/the-addams-family-as-presented-by-dunboyne-musical-society,
23/24,Eastern,Sullivan,Dundalk Musical Society,All Shook Up,2023-10-18,2023-10-22,2023-11-11,,Dundalk,Laura Kerr,Ronan Dennedy,Laura Kerr,Published,https://www.aims.ie/post/all-shook-up-as-presented-by-dundalk-musical-society,
23/24,Northern,Sullivan,Encore Performing Arts Academy,Nativity! The Musical,2023-12-13,2023-12-16,2023-11-26,,Strabane,Laura Douglas,Gerard Bradley,Rebecca Thompson / Caroline Barker,Published,https://www.aims.ie/post/nativity-the-musical-as-presented-by-encore-paa,
23/24,Northern,Sullivan,Encore Performing Arts Academy,Oliver!,2024-04-11,2024-04-20,2024-04-20,,Strabane,Rebecca Thompson,Gerard Bradley,Rebecca Thompson,Published,https://www.aims.ie/post/oliver-as-presented-by-encore-performing-arts-academy,
23/24,Northern,Sullivan,Encore Performing Arts Academy,The Nativity,2023-12-13,2023-12-16,2023-11-26,,Strabane,Laura Douglas,Gerard Bradley,Rebecca Thompson / Caroline Barker,Published,https://www.aims.ie/post/nativity-the-musical-as-presented-by-encore-paa,
23/24,South-West,Gilbert,Ennis Musical Society,The Wedding Singer,2024-03-27,2024-03-27,2024-03-30,,Ennis,Jessica Bray,Shane Farrell,Laura Kane Allis,Published,https://www.aims.ie/post/the-wedding-singer-as-presented-by-ennis-musical-society,
23/24,South-East,Sullivan,Enniscorthy Musical Society,Happy Days,2024-04-02,2024-04-06,2024-04-05,,Wexford,Imelda McDonagh,Kevin Kennedy,James Dobbs,Published,https://www.aims.ie/post/happy-days-as-presented-by-enniscorthy-musical-society,
23/24,Western,Sullivan,Ennistymon Choral Society,Happy Days,2024-04-10,2024-04-14,,not adjudicated,Clare,,,,Not adjudicated,,
23/24,Eastern,Gilbert,Entr'acte Musical Theatre Society,Guys and Dolls,2024-02-28,2024-03-02,2024-03-02,,St. Pat's DCU,Niamh McGowan,Roisin Heenan,Leah Meagher,Published,https://www.aims.ie/post/guys-and-dolls-as-presented-by-entr-acte,
23/24,Northern,Sullivan,Fermanagh Musical Theatre,Rent,2023-08-16,2023-08-19,2023-08-18,,Fermanagh,Ryan Moohan,Moya Sweeney,Shauneen Hamilton & Áine Leonard,Published,https://www.aims.ie/post/rent-presented-by-fermanagh-musical-society,
23/24,Northern,Sullivan,Fortwilliam Musical Society,The Sound of Music,2024-03-21,2024-03-23,2024-03-23,,Fortwilliam,Chreyl O'Dwyer,Ciara Bowman,Maire Campbell,Published,https://www.aims.ie/post/the-sound-of-music-as-presented-by-fortwilliam-ms,
23/24,Midlands,Sullivan,Fun House Theatre Company,Calendar Girls,2024-05-02,2024-05-05,2024-05-02,,"Esker Arts Centre, Tullamore",Pat McElwain,Shane Farrell,Chris Corroon,Published,https://www.aims.ie/post/calendar-girls-as-presented-by-fun-house-theatre-company,
23/24,Western,Gilbert,Galway Musical Society,Oliver!,2024-04-16,2024-04-20,2024-04-20,,"Town Hall Theatre, Galway",Paul Norton,John Roe,Jay Molyneux,Published,https://www.aims.ie/post/oliver-as-presented-by-galway-musical-society,
23/24,Western,Gilbert,Galway University Musical Society,American Idiot,2024-01-30,2024-02-03,2024-02-01,,Galway,Aisling Fox,Robert Cosgrove,Jodie Finn,Published,https://www.aims.ie/post/american-idiot-as-performed-by-galway-university-musical-society,
23/24,Western,Sullivan,Glenamaddy Musical Society,Sister Act,2023-12-06,2023-12-10,,not adjudicated,Glenamaddy,,,,Not adjudicated,,
23/24,Eastern,Sullivan,Glencullen Dundrum MDS,Fiddler on the Roof,2024-03-19,2024-03-23,2024-03-19,,"The Mill, Dundrum",Seán MacMathúna,Barry Power,Nicole McDonald,Published,https://www.aims.ie/post/fiddler-on-the-roof-as-presented-by-glencullen-dundrum-musical-dramatic-society,
23/24,South-East,Gilbert,Gorey Musical Society,Michael Collins - A Musical Drama,2024-04-08,2024-04-13,2024-04-10,,Gorey Little Theatre,Stephen Acton,Conor McCarthy,Megan McEvoy,Published,https://www.aims.ie/post/michael-collins-as-presented-by-gorey-musical-society,
23/24,Eastern,Gilbert,Harolds Cross Tallaght Musical Society,Little Shop of Horrors,2023-11-07,2023-11-11,2023-11-10,,"Civic Theatre, Tallaght",Ciarán Mooney,Dermot O'Callaghan,Erica Delaney,Published,,
23/24,South-East,Sullivan,Jack Cunningham Productions,Guys and Dolls,2023-09-06,2023-09-09,2023-09-07,,"Theatre Royal, Waterford",Jack Cunningham,Emma Walsh,Jack Cunningham,Published,https://www.aims.ie/post/guys-and-dolls-as-presented-by-jack-cunningham-productions,
23/24,South-East,Sullivan,Jack Cunningham Productions,Nunsense,2024-04-03,2024-04-06,,not adjudicated,"Garter Lane, Waterford",Jack Cunningham,Emma Walsh,Jack Cunningham,Not adjudicated,,
23/24,Eastern,Gilbert,Kilcock Musical & Dramatic Society,Rock of Ages,2024-04-02,2024-04-06,2024-04-04,,Kilcock,Dominic Reid,Mairead McKenna,Deirdre Browne,Published,https://www.aims.ie/post/rock-of-ages-as-presented-by-kilcock-musical-society,
23/24,South-East,Gilbert,Kilkenny Musical Society,The Sound of Music,2024-04-17,2024-04-21,2024-04-19,,Kilkenny,Simon Manahan,Jimmy Brockie,Roisín Currid,Published,https://www.aims.ie/post/the-sound-of-music-as-presented-by-kilkenny-musical-society,
23/24,South-West,Sullivan,Killarney Musical Society,Michael Collins - A Musical Drama,2024-03-05,2024-03-07,2024-03-06,,Killarney,Oliver Hurley,Michael Young,Oliver Hurley,Published,https://www.aims.ie/post/michael-collins-as-presented-by-killarney-musical-society,
23/24,Eastern,Sullivan,Kilmacud Musical Society,Sister Act,2024-04-09,2024-04-13,2024-04-09,,"The Mill, Dundrum",Paul Fay,Kevin O'Sullivan,Rachel Sheehan,Published,https://www.aims.ie/post/sister-act-as-presented-by-kilmacud-musical-society,
23/24,Eastern,Sullivan,Kilmainham Inchicore Musical Society,Young Frankenstein,2023-11-01,2023-11-04,2023-11-25,,Inchicore College of Further Education,Art McGauran,Barry Power,Siobhán Ryan,Published,https://www.aims.ie/post/young-frankenstein-as-presented-by-kilmainham-inchicore-musical-society-kims,
23/24,South-West,Sullivan,Kilrush Choral Society,Sister Act,2024-04-02,2024-04-06,,not adjudicated,Kilrush,,,,Not adjudicated,,
23/24,Eastern,Gilbert,Leixlip Musical & Variety Group,The Producers,2024-04-23,2024-04-27,2024-04-27,,Leixlip GAA,Claire Tighe,Dermot O'Callaghan,Claire Tighe,Published,https://www.aims.ie/post/the-producers-as-presented-by-leixlip-musical-and-variety-group,
23/24,Northern,Sullivan,Letterkenny Music & Drama Group,All Shook Up,2023-11-27,2023-12-02,2023-11-25,,Donegal,Tina Higgins / Maire McGinley,Denise Roper,Tina Higgins / Maire McGinley,Published,https://www.aims.ie/post/all-shook-up-as-presented-by-letterkenny-music-drama-group,
23/24,Northern,Sullivan,Letterkenny Musical Society,The Addams Family,2024-03-05,2024-03-09,2024-03-09,,Letterkenny,Maria Rushe,Mairead Mckenna,Emmet Stewart,Published,https://www.aims.ie/post/the-addams-family-as-presented-by-letterkenny-musical-society,
23/24,South-West,Sullivan,Light Opera Society of Tralee (LOST),The Phantom of the Opera,2023-11-08,2023-11-11,2023-11-08,,Tralee,Gráinne O'Carroll,Aidan O'Carroll,Aileen Murphy,Published,https://www.aims.ie/post/phantom-of-the-opera-as-presented-by-lost-light-opera-society-of-tralee,
23/24,South-West,Sullivan,Limerick Musical Society,Oliver!,2024-04-11,2024-04-13,2024-04-11,,Limerick,Aoife McClafferty,Shane Farrell,Amanda Kearns,Published,https://www.aims.ie/post/oliver-as-presented-by-limerick-musical-society,
23/24,Northern,Sullivan,Lisnagarvey Operatic and Dramatic Society,Guys and Dolls,2024-04-16,2024-04-20,2024-04-20,,Down,Wilfie Pyper,Keith Pyper,Jordan Rosborough,Published,https://www.aims.ie/post/guys-and-dolls-as-presented-by-lisnagarvey-operatic-dramatic-society,
23/24,Northern,Sullivan,Londonderry Musical Society,Oliver!,2024-03-20,2024-03-23,2024-03-23,,Londonderry,Michael Poole,Peter Doherty,Vanessa Chapman,Published,https://www.aims.ie/post/oliver-as-presented-by-londonderry-musical-society,
23/24,Eastern,Gilbert,Malahide Musical & Dramatic Society,Cry-Baby,2024-02-13,2024-02-17,2024-02-16,,Dublin,EJ Reilly,Dave McGauran,Jules McNamra,Published,https://www.aims.ie/post/cry-baby-as-presented-by-malahide-musical-society,
23/24,Western,Gilbert,"Marian Choral Society, Tuam",Evita,2023-10-31,2023-11-04,2023-11-03,,"St Jarlath's College, Tuam",Ronan Lardner,Shane Farrell,Jay Molyneux,Published,https://www.aims.ie/post/evita-as-presented-by-marian-choral-society,
23/24,South-West,Sullivan,Mary I Dramatic Arts Society,Into the Woods,2024-03-21,2024-03-23,2024-03-21,,Limerick,Séamus Clerkin/ Brona McGlinchey,Michael Young,Holly McNulty,Published,https://www.aims.ie/post/into-the-woods-as-presented-by-midas,
23/24,Eastern,Gilbert,Maynooth University Musical and Dramatics Society,Cats,2024-04-09,2024-04-12,2024-04-11,,Meath,Gavin Murphy,Ben Cully,Gavin Murphy (Asst. Amy Mulreid),Published,https://www.aims.ie/post/cats-by-maynooth-university-musical-society,
23/24,South-West,Sullivan,Mitchelstown Musical Society,Sweeney Todd,2024-03-20,2024-03-23,2024-03-20,,Mitchelstown,Michael-Anthony Greene,Robbie Pender,Michael-Anthony Greene,Published,https://www.aims.ie/post/sweeney-todd-as-presented-by-mitchelstown-musical-society,
23/24,Eastern,Sullivan,Naas Musical Society,9 to 5,2024-03-09,2024-03-15,2024-03-10,,Moat Theatre,Sharon McNamara,Mairead McKenna,Grace McGrath,Published,https://www.aims.ie/post/9-to-5-as-presented-by-naas-musical-society,
23/24,South-West,Sullivan,Nenagh Choral Society Ltd,Beauty and the Beast,2024-03-18,2024-03-23,2024-03-18,,Tipperary,Greg Browne,Laura Kearney,Stephanie Browne,Published,https://www.aims.ie/post/beauty-the-beast-as-presented-by-nenagh-choral-society,
23/24,South-West,Sullivan,Nenagh Choral Society Youth Academy,Legally Blonde,2023-10-03,2023-10-07,2023-11-04,,Tipperary,Stephanie Browne,Mary Rose McNally,Stephanie Browne,Published,https://www.aims.ie/post/legally-blonde-as-presented-by-nenagh-choral-society-youth-academy,
23/24,South-East,Gilbert,New Ross Musical Society,Fiddler on the Roof,2024-03-05,2024-03-09,2024-03-06,,"St. Michael's Theatre, New Ross",Derek Shannon,Jimmy Brockie,Anne-Marie Cooney,Published,https://www.aims.ie/post/fiddler-on-the-roof-as-presented-by-new-ross-musical-society,
23/24,Midlands,Gilbert,Newbridge Musical Society,Legally Blonde,2024-04-01,2024-04-06,2024-04-02,,Newbridge,Art McGauran,Dave McGauran,Aine Foley,Published,https://www.aims.ie/post/legally-blonde-as-presented-by-newbridge-musical-theatre,
23/24,Northern,Gilbert,Newcastle Glees Musical Society,Calendar Girls,2024-03-14,2024-03-23,2024-03-21,,Antrim,Laura Kerr,Mary Tilley,Clare Donnelly,Published,https://www.aims.ie/post/calendar-girls-as-presented-by-newcastle-glees,
23/24,Northern,Gilbert,Newcastle Glees Musical Society,Urinetown,2023-11-16,2023-11-25,2023-11-24,,Newcastle,Laura Kerr,Mark Tilley,Clare Donnelly,Published,https://www.aims.ie/post/urinetown-as-presented-by-newcastle-glees-musical-society,
23/24,South-West,Sullivan,Newcastlewest Musical Society,Calamity Jane,2023-11-02,2023-11-11,2023-11-18,,Antrim,Susan Browne,Michael Young,Susan Browne,Published,https://www.aims.ie/post/calamity-jane-as-presented-by-newcastle-west-musical-society,
23/24,Northern,Sullivan,Newry Musical Society,Sister Act,2024-03-05,2024-03-08,2024-03-08,,Newry,David Cunningham,Fiona Flynn,Lisa Irvine,Published,https://www.aims.ie/post/sister-act-as-presented-by-newry-musical-society,
23/24,Northern,Sullivan,Newry Youth Performing Arts,Les Miserables,2024-04-09,2024-04-13,2024-04-13,,Newry,Jordan Walsh,Matthew Milford,Paul Burns,Published,https://www.aims.ie/post/les-miserables-school-edition-as-performed-by-newry-youth-performing-arts,
23/24,Northern,Sullivan,North East Musical and Dramatic Society,All Shook Up,2023-11-07,2023-11-11,2023-12-01,,Monaghan,Gavin Quigley,Shane McVicker,Leah Meagher,Published,https://www.aims.ie/post/all-shook-up-as-presented-by-north-east-musical-dramatic-society,
23/24,South-East,Sullivan,North Wexford Musical Theatre,Rent,2023-09-14,2023-09-16,2023-09-15,,Gorey Little Theatre,Stephen Acton,Conor McCarthy,Megan Lopez,Published,https://www.aims.ie/post/rent-as-presented-by-north-wexford-musical-theatre,
23/24,South-East,Gilbert,Oyster Lane Theatre Group,The Producers,2023-11-28,2023-12-01,2023-12-01,,"National Opera House, Wexford",Stephen Acton,Patrick Clancy,Jonny Smith,Published,https://www.aims.ie/post/the-producers-as-presented-by-oyster-lane-theatre-group,
23/24,Midlands,Gilbert,Portlaoise Musical Society,Made in Dagenham,2023-11-18,2023-11-25,2023-11-23,,Portlaoise,Art McGauran,Mary Rose McNally,Stephanie Browne,Published,https://www.aims.ie/post/made-in-dagenham-as-presented-by-portlaoise-musical-society,
23/24,South-East,Gilbert,Quayplayers Musical & Dramatic Society,Beautiful: The Carole King Musical,2024-03-25,2024-03-30,2024-03-28,,"Garter Lane, Waterford",David Hennessy,Jimmy Brockie,Michelle Condon,Published,https://www.aims.ie/post/beautiful-the-carole-king-musical-as-presented-by-david-hennessy-musical-dramatic-society,
23/24,Northern,Sullivan,Queen's Musical Theatre Society,All Shook Up,2024-03-07,2024-03-09,2024-03-09,,Antrim,Charlie McCready,Amy Smith,Amy Smith,Published,https://www.aims.ie/post/all-shook-up-as-presented-by-queens-musical-theatre-society,
23/24,Eastern,Sullivan,Rathmines & Rathgar Musical Society,Oliver!,2023-11-09,2023-11-11,,not adjudicated,Rathmines,Garry Mountaine,Gearóid Grant,Daniel Maguire,Not adjudicated,,
23/24,South-West,Gilbert,Roscrea Musical Society,Grease,2024-05-06,2024-05-11,2024-05-07,,Tipperary,Paul Norton,Mary Rose McNally,Stephanie Browne,Published,https://www.aims.ie/post/grease-as-presented-by-roscrea-musical-society,
23/24,Eastern,Gilbert,Rush Musical Society,The Pirates of Penzance,2024-04-04,2024-04-13,2024-04-09,,Rush,Wilfie Pyper,Sarah Lynch Barrett,Leah Meagher,Published,https://www.aims.ie/post/pirates-of-penzance-as-presented-by-rush-musical-society,
23/24,South-West,Gilbert,Shannon Musical Society,The Little Mermaid,2024-02-11,2024-02-17,2024-02-13,,Shannon,Tony Finnegan,Carmel Griffin,Karen Barrett,Published,https://www.aims.ie/post/the-little-mermaid-as-presented-by-shannon-musical-society,
23/24,Western,Sullivan,Sligo Fun Company,Into the Woods,2023-11-08,2023-11-11,2023-12-02,,Sligo,Mary McDonagh,Niamh Crowley,Mary McDonagh,Published,https://www.aims.ie/post/into-the-woods-as-presented-by-sligo-fun-company,
23/24,Western,Sullivan,Sligo Musical Society,Singin' in the Rain,2024-02-13,2024-02-17,2024-02-17,,Sligo,David McEvoy,Charles O'Connor,Melody Urquhart / Thomas Spratt,Published,https://www.aims.ie/post/singin-in-the-rain-as-presented-by-sligo-musical-society,
23/24,Northern,Gilbert,St. Agnes Choral Society,Young Frankenstein,2024-04-23,2024-04-27,2024-04-24,,Belfast,Rachel Logan-Fee,Andrew Robinson,Amy Blackshaw,Published,https://www.aims.ie/post/young-frankenstein-as-presented-by-st-agnes-choral-society,
23/24,South-West,Gilbert,"St. Mary's Choral Society, Clonmel",Evita,2024-04-08,2024-04-13,2024-04-08,,Clonmel,Des Henn,Niall Kelly,Barbara Meany,Published,https://www.aims.ie/post/evita-as-performed-by-st-mary-s-choral-society-clonmel,
23/24,Eastern,Gilbert,"St. Marys Musical Society, Navan",Made in Dagenham,2024-04-23,2024-04-28,2024-04-28,,Navan,Pat McElwain,Roisin Heenan,Leah Meagher,Published,https://www.aims.ie/post/made-in-dagenham-as-presented-by-st-mary-s-ms-navan,
23/24,Midlands,Gilbert,"St. Mel's Musical Society, Longford",Legally Blonde,2024-04-02,2024-04-06,2024-04-03,,Longford,Alan Greaney,Vince Tully,Niamh O’Brien,Published,https://www.aims.ie/post/legally-blonde-as-presented-by-st-mels-musical-society,
23/24,South-East,Sullivan,St. Michael's Theatre Musical Society,Oklahoma!,2023-11-21,2023-11-25,2024-02-17,,"St. Michael's Theatre, New Ross",Kevin Kennedy,Philip Kennedy,Claire Kickham,Published,https://www.aims.ie/post/oklahoma-as-presented-by-st-michael-s-theatre-musical-society,
23/24,Northern,Gilbert,"St. Patrick's Choral Society, Downpatrick",All Shook Up,2023-11-08,2023-11-11,2023-11-09,,,Simon Pyper,Wilson Shields,Alex McFarlane,Published,https://www.aims.ie/post/all-shook-up-as-presented-by-st-patrick-s-choral-society,
23/24,Eastern,Sullivan,Stage One New-Musical Group (S.O.N.G.),Les Miserables,2023-11-15,2023-11-19,2024-02-17,,An Táin Arts,Nik Parks,Patrick Dunne,Terese Dunne,Published,https://www.aims.ie/post/les-miserables-schools-as-presented-by-s-o-n-g-dundalk,
23/24,South-East,Sullivan,Striking Productions Carlow,The Little Mermaid,2024-05-03,2024-05-05,2024-05-03,,Rathwood Big Top,Robert O'Neill,Joan Butler,Tracy Rea,Published,https://www.aims.ie/post/the-little-mermaid-as-presented-by-striking-productions,
23/24,South-East,Sullivan,Studio 55 Dance Academy,Elf,2023-12-15,2023-12-17,2024-02-17,,Arklow,Stephen Acton,Amy Penston,Martina Lynch,Published,https://www.aims.ie/post/elf-as-presented-by-studio-55-productions,
23/24,Eastern,Gilbert,Teachers' Musical Society,The Hunchback of Notre Dame,2024-03-12,2024-03-16,2024-03-14,,St. Pat's DCU,Ciarán Mooney,Dermot O'Callaghan,Ciarán Mooney & Nicole McDonald,Published,https://www.aims.ie/post/hunchback-of-notre-dame-as-presented-by-teachers-musical-society,
23/24,Midlands,Sullivan,The Odd Theatre Company,Once,2023-11-16,2023-11-18,2024-02-17,,Newbridge,Cian O'Dowd,Keelin Kilduff,Áine Foley,Published,https://www.aims.ie/post/once-as-presented-by-the-odd-theatre-company,
23/24,South-West,Gilbert,Thurles Musical Society,Big Fish,2024-03-19,2024-03-23,2024-03-23,,Premier Hall,Oliver Hurley,Mary Rose McNally,Oliver Hurley,Published,https://www.aims.ie/post/big-fish-as-presented-by-thurles-musical-society,
23/24,South-West,Gilbert,Tipperary Musical Society,Young Frankenstein,2024-02-12,2024-02-17,2024-02-14,,Tipperary,Paul Norton,Mary Rose McNally,Stephanie Browne,Published,https://www.aims.ie/post/young-frankenstein-as-presented-by-tipperary-musical-society,
23/24,South-West,Gilbert,Tralee Musical Society,Sister Act,2024-04-09,2024-04-13,2024-04-12,,Tralee,Oliver Hurley,Michael Young,Justin Walsh,Published,https://www.aims.ie/post/sister-act-as-presented-by-tralee-musical-society,
23/24,Eastern,Gilbert,Trim Musical Society,9 to 5,2024-02-12,2024-02-17,2024-02-15,,Meath,Stephen Acton,Dermot O'Callaghan,Laura Douglas,Published,https://www.aims.ie/post/9-to-5-as-presented-by-trim-musical-society,
23/24,Eastern,Sullivan,Trinity Musical Theatre Society,Carrie,2024-02-14,2024-02-17,2024-02-17,,Dublin,Makena Margolin,Erica O’Reilly,Grace Skowronski,Published,https://www.aims.ie/post/carrie-as-presented-by-trinity-musical-theatre,
23/24,Midlands,Gilbert,Tullamore Musical Society,Rock of Ages,2024-02-10,2024-02-17,2024-02-12,,"Esker Arts Centre, Tullamore",Claire Tighe,Enda O'Connor,Claire Tighe,Published,https://www.aims.ie/post/rock-of-ages-as-presented-by-tullamore-musical-society,
23/24,Northern,Sullivan,Tullyvin Musical Society,Little Shop of Horrors,2023-10-17,2023-10-21,2023-11-11,,Tullyvin,Paul Norton,Dave McGauran,Julianne McNamara,Published,https://www.aims.ie/post/little-shop-of-horrors-as-presented-by-tullyvin-musical-society,
23/24,South-West,Sullivan,UCC Musical Theatre Society,Grease,2024-04-11,2024-04-13,2024-04-12,,Cork,Daniel Cremin / Rosie O’Byrne,Lucia Schmetterer,Chloe Leahy,Published,https://www.aims.ie/post/grease-as-presented-by-ucc-ms,
23/24,Eastern,Gilbert,UCD Musical Society,Bare,2023-09-27,2023-09-29,2023-09-28,,Astra Hall,Sorcha McGlynn,Luke Shiels,Brianna Kelly,Published,https://www.aims.ie/post/bare-as-presented-by-ucd-musical-society,
23/24,Eastern,Gilbert,UCD Musical Society,Footloose,2023-11-22,2023-11-25,2023-11-22,,Astra Hall,Becca Lennon,Edie Weinstein,Maya Gaul,Published,https://www.aims.ie/post/footloose-as-presented-by-ucd-musical-society,
23/24,Eastern,Gilbert,UCD Musical Society,Gypsy,2024-03-06,2024-03-09,2024-03-08,,Astra Hall,Aoife Joy Keogh,Dermot Edmondson,Megan O'Neill,Published,https://www.aims.ie/post/sister-act-as-presented-by-newry-musical-society,
23/24,Northern,Gilbert,Ulster Operatic Company,Evita,2023-09-20,2023-09-23,2023-09-22,,Belfast,Tony Finnegan,Wilson Shields,Ann Marie Morgan,Published,https://www.aims.ie/post/evita-as-presented-by-ulster-operatic-society,
23/24,South-West,Sullivan,University of Limerick Musical Theatre Society,The 25th Annual Putnam County Spelling Bee,2024-04-03,2024-04-05,2024-04-03,,Limerick,Alison Kearney,Michael Young,Alison Kearney,Published,https://www.aims.ie/post/the-25th-annual-putnam-county-spelling-bee-as-presented-by-ul-musical-theatre-society,
23/24,South-East,Gilbert,Waterford Musical Society,Evita,2024-04-30,2024-05-04,2024-05-03,,"Theatre Royal, Waterford",Liam Butler,Wayne Brown,Ali Reville,Published,https://www.aims.ie/post/evita-as-presented-by-waterford-musical-society,
23/24,South-East,Gilbert,Wexford Light Opera Society,The Phantom of the Opera,2024-04-29,2024-05-04,2024-05-04,,"National Opera House, Wexford",Christine Scarry,David Hayes,Thérése O’Sullivan,Published,https://www.aims.ie/post/phantom-of-the-opera-as-presented-by-wexford-light-opera-society,
24/25,Western,Gilbert,9 Arch Musical Society,Rock of Ages,2024-11-21,2024-11-23,2024-11-23,,,Alan Greaney,Shane Farrell,Jay Molyneux,Published,https://www.aims.ie/post/rock-of-ages-as-presented-by-9arch-musical-society,
24/25,Western,,Achill Musical & Dramatic Society,Calamity Jane,2025-02-21,2025-02-22,,,"Theatre Royal, Waterford",,,,Not adjudicated,,Cancelled
24/25,South-West,Sullivan,Aghada Centre Theatre Group,Me and My Girl,2025-02-15,2025-02-21,2025-02-17,,,Sinead Dunlea,Robbie Pender,Aileen McMurtry,Published,https://www.aims.ie/post/me-and-my-girl-as-presented-by-aghada-musical-society,
24/25,Midlands,Gilbert,Athlone Musical Society,Cry-Baby,2025-02-28,2025-03-08,2025-03-08,,,Alfie Kilduff,Ger Madden,Jay Molyneux,Published,https://www.aims.ie/post/cry-baby-as-presented-by-athlone-musical-society,
24/25,South-East,Gilbert,Avonmore Musical Society,Shrek,2025-04-22,2025-04-26,2025-04-26,,,Amy Penston-Hendley,Conor McCarthy,Martina Lynch,Published,,
24/25,Eastern,Sullivan,Baldoyle Musical Society,All Shook Up,2025-04-22,2025-04-26,2025-04-26,,,Yvette Cuffe Keena,Gay Kirwan,Denise Donohue,Published,,
24/25,Midlands,Sullivan,Ballinasloe Musical Society,The Little Mermaid,2025-03-12,2025-03-22,2025-03-22,,,Ronan Lardner,Shane Farrell,Aoife McClafferty,Published,https://www.aims.ie/post/the-little-mermaid-as-presented-by-ballinasloe-musical-society,
24/25,Western,Gilbert,Ballinrobe Musical Society,The Hunchback of Notre Dame,2025-02-16,2025-02-22,2025-02-16,,,Alan Greaney,Shane Farrell,Aoife McClafferty,Published,https://www.aims.ie/post/the-hunchback-of-notre-dame-as-presented-by-ballinrobe-ms,
24/25,Northern,Sullivan,Ballyshannon Musical Society,Little Shop of Horrors,2025-02-25,2025-03-01,,,,,,,Not adjudicated,,Cancelled
24/25,Northern,Sullivan,Ballywillan Drama Group,Charlie and the Chocolate Factory,2025-01-17,2025-02-01,2025-01-25,,,Brian Logan,Andrew Robinson,Sharon Logan / Laura Fisher,Published,https://www.aims.ie/post/charlie-the-chocolate-factory-as-presented-by-ballywillan-drama-group,
24/25,Northern,Gilbert,Banbridge Musical Society,Sister Act,2025-04-09,2025-04-12,2025-04-12,,,Jordan Walsh-Rhodes,Brian Greene,Aveen Stewart,Published,https://www.aims.ie/post/sister-act-as-presented-by-banbridge-ms,
24/25,Northern,Gilbert,Belfast Operatic Company,Les Miserables: Let the People Sing,2025-03-04,2025-03-08,,,,,,,Not adjudicated,,Cancelled
24/25,South-West,Sullivan,Bellvue Academy of Performing Arts,West Side Story,2025-02-26,2025-03-02,2025-03-02,,,Lisa Kelly,Niall Kelly,Keith Dwyer Greene,Published,https://www.aims.ie/post/west-side-story-as-presented-by-bellvue-academy-of-performing-arts,
24/25,Midlands,Sullivan,Birr Stage Guild,The Singing River (Original),2025-05-08,2025-05-10,,,,,,,Not adjudicated,,
24/25,Northern,Gilbert,Bosco Drama Group,Frozen Jr.,2024-10-02,2024-10-05,2024-10-05,,,Corinna McCaughey,Aislinn McGinn,Ann Marie Morgan,Published,https://www.aims.ie/post/frozen-jr-as-presented-by-bosco-drama-group,
24/25,Western,Sullivan,Boyle Musical Society,The Sound of Music,2024-11-20,2024-11-23,2024-11-22,,,Vivienne Moran,Anne Kielty,Victoria Walker,Published,https://www.aims.ie/post/the-sound-of-music-as-presented-by-boyle-musical-society,
24/25,Western,Gilbert,Bravo Theatre Group,West Side Story,2024-09-25,2024-09-28,2024-09-28,,,Aoife McClafferty,Jay Molyneux,Shane Farrell,Published,https://www.aims.ie/post/west-side-story-as-presented-by-bravo-theatre-group,
24/25,South-East,Sullivan,Bray Musical Society,Legally Blonde,2025-04-15,2025-04-19,2025-04-10,,,Emma Thornton,Naoimh Penston,Yvonne Prendergast,Published,https://www.aims.ie/post/legally-blonde-as-presented-by-bray-musical-society,
24/25,South-East,Gilbert,Carnew Musical Society,Beauty and the Beast,2024-11-25,2024-11-30,2024-11-30,,,Michael Dunbar,Conor McCarthy,Graham Finnerty,Published,https://www.aims.ie/post/beauty-and-the-beast-as-presented-by-carnew-musical-society,
24/25,South-West,Gilbert,Carrick-on-Suir Musical Society,The Addams Family,2025-03-31,2025-04-05,2025-04-02,,,Andrew Holden,Fergus Carroll,Keith Dwyer Greene,Published,https://www.aims.ie/post/the-addams-family-as-presented-by-carrick-on-suir-musical-society,
24/25,South-West,Sullivan,Carrigaline Musical Society,The Addams Family,2024-10-31,2024-11-03,,,,,,,Not adjudicated,,Cancelled
24/25,Western,Sullivan,Castlebar Musical & Dramatic Society,Sister Act,2025-03-27,2025-03-29,2025-03-29,,,Donna Ruane,Deirdre Lee,Claudia O'Sullivan,Published,https://www.aims.ie/post/sister-act-as-presented-by-castlebar-musical-dramatic-society,
24/25,Western,Sullivan,Castlerea Musical Society,Annie,2025-05-07,2025-05-10,2025-05-08,,,Ronan Lardner,Shane Farrell,Ria Purcell,Published,https://www.aims.ie/post/annie-as-presented-by-castlerea-musical-society,
24/25,South-West,Gilbert,"Cecilian Musical Society, Limerick",The Wedding Singer,2024-11-20,2024-11-23,2024-11-23,,,Des Henn,Michael Young,Barbara Meany,Published,https://www.aims.ie/post/the-wedding-singer-as-presented-by-cecilian-musical-society,
24/25,Eastern,Sullivan,Clane Musical & Dramatic Society,Sister Act,2025-03-29,2025-04-03,2025-04-02,,,Jennifer O’Brien,Gráinne Uí Luing,Grace McGrath,Published,https://www.aims.ie/post/sister-act-as-presented-by-clane-musical-dramatic-society,
24/25,Midlands,Gilbert,Clara Musical Society,Sweet Charity,2025-04-08,2025-04-12,2025-04-08,,,Alan Recks,Alan Recks,Dylan O'Keefe,Published,https://www.aims.ie/post/sweet-charity-as-presented-by-clara-musical-society,
24/25,Western,Sullivan,Claremorris Musical Society,The Addams Family,2025-01-29,2025-02-01,2025-01-29,,Astra Hall,Donna Ruane,Deirdre Lee,Jay Molyneux,Published,https://www.aims.ie/post/the-addams-family-as-presented-by-claremorris-musical-society,
24/25,Eastern,Gilbert,Coolmine Musical Society,Sister Act,2024-11-12,2024-11-16,2024-11-13,,"Hawk's Well Theatre, Sligo",E.J. Reilly,Caitriona Ní Threasaigh,Nicole McDonald,Published,https://www.aims.ie/post/sister-act-as-presented-by-coolmine-musical-society,
24/25,Eastern,Sullivan,Dun Laoghaire Musical & Dramatic Society,Made in Dagenham,2025-04-09,2025-04-12,2025-04-09,,,Stephen Fagan,Barry Power,Lauren Dooley,Published,,
24/25,Eastern,Gilbert,Dunboyne Musical Society,The Wedding Singer,2025-04-22,2025-04-26,2025-04-23,,,Orla Mulreid-Deane,Caitriona Ni Threasaigh,Gráinne Kennedy,Published,https://www.aims.ie/post/the-wedding-singer-as-presented-by-dunboyne-musical-society,
24/25,Eastern,Sullivan,Dundalk Musical Society,Beauty and the Beast,2024-10-16,2024-10-20,2024-10-20,,,Laura Kerr,Elizabeth Freeburn,Clare Donnelly,Published,https://www.aims.ie/post/beauty-the-beast-as-presented-by-dundalk-musical-society,
24/25,Western,Sullivan,Dunmore Musical Society,The Sound of Music,2025-04-22,2025-04-26,2025-04-24,,,Joan MacDonnell,Eoghan Connolly,Aoife McClafferty,Published,https://www.aims.ie/post/the-sound-of-music-as-presented-by-dunmore-musical-society,
24/25,South-West,Gilbert,Ennis Musical Society,The Witches of Eastwick,2025-04-02,2025-04-05,2025-04-05,,,Sarah Kenny,Shane Farrell,Laura Jane Allas,Published,https://www.aims.ie/post/the-witches-of-eastwick-as-presented-by-ennis-musical-society,
24/25,South-East,Sullivan,Enniscorthy Musical Society,Joseph and the Amazing Technicolor Dreamcoat,2025-04-22,2025-04-26,2025-04-23,,,Imelda McDonagh,Kevin Kennedy,James Dobbs,Published,https://aims.ie/post/joseph-and-the-amazing-technicolour-dreamcoat-as-presented-by-enniscorthy-musical-society,
24/25,Western,Sullivan,Ennistymon Choral Society,Grease,2025-04-30,2025-05-04,,,Dublin,,,,Not adjudicated,,Cancelled
24/25,Eastern,Gilbert,Entr'acte Musical Theatre Society,Sweeney Todd,2025-02-19,2025-02-22,2025-02-19,,Riverbank Theatre,Niamh McGowan,Roisín Heenan,Niamh McGowan,Published,https://www.aims.ie/post/sweeney-todd-as-presented-by-entr-acte,
24/25,Northern,Sullivan,Fermanagh Musical Theatre,Shrek the Musical,2024-08-15,2024-08-24,2024-08-22,,,Sam McElgunn,Moya Sweeney,Chloe Martin / Cara Murphy,Published,https://www.aims.ie/post/shrek-as-presented-by-fermanagh-musical-theatre,
24/25,South-West,Sullivan,Fermoy Musical Society,Shrek,2024-11-02,2024-11-09,2024-11-03,,,Killian Collins,Ronan Holohan,Therese O'Sullivan,Published,https://www.aims.ie/post/shrek-as-presented-by-fermoy-musical-society,
24/25,Northern,Sullivan,Fortwilliam Musical Society,Footloose,2025-04-10,2025-04-12,,,,,,,Not adjudicated,,Cancelled
24/25,Western,Gilbert,Galway Musical Society,Sweeney Todd,2025-04-30,2025-05-04,2025-05-04,,,Paul Nippy Norton,John Roe,Jay Molyneux,Published,,
24/25,Western,Gilbert,Galway University Musical Society,Guys and Dolls,2025-02-04,2025-02-08,2025-02-08,,,Kate O’Dowd,Sarah O’Dowd and Eoin Nicklin,Lorna Collins,Published,https://www.aims.ie/post/guys-and-dolls-as-presented-by-gums,
24/25,Western,Sullivan,Glenamaddy Musical Society,The Addams Family,2024-11-29,2024-12-07,2024-11-30,,,Nigel Cassidy,Mary Jo Fitzpatrick,Niamh O' Flanagan,Published,https://www.aims.ie/post/the-addams-family-as-presented-by-glenamaddy-musical-society,
24/25,Eastern,Sullivan,Glencullen Dundrum MDS,All Shook Up,2025-03-25,2025-03-29,2025-03-26,,,Damien Hurley,Barry Power,Nicole McDonald,Published,https://www.aims.ie/post/all-shook-up-as-performed-by-glencullen-dundrum-musical-and-dramatic-society,
24/25,South-East,Gilbert,Gorey Musical Society,Jekyll & Hyde,2025-04-07,2025-04-12,2025-04-07,,,Stephen Acton,Conor McCarthy,Megan McEvoy,Published,,
24/25,Eastern,Gilbert,Harolds Cross Tallaght Musical Society,Big Fish,2024-11-05,2024-11-09,2024-11-08,,,Niamh McGowan,Dermot O'Callaghan,Erica Delaney,Published,https://www.aims.ie/post/big-fish-as-presented-by-hxt-musical-society,
24/25,South-East,Gilbert,Jack Cunningham Productions,Crazy For You,2024-09-04,2024-09-07,2024-09-07,,,Jack Cunningham,Emma Walsh,Jack Cunningham,Published,https://www.aims.ie/post/crazy-for-you-as-presented-by-jack-cunningham-productions,
24/25,Eastern,Gilbert,Kilcock Musical & Dramatic Society,Priscilla Queen of the Desert,2025-04-22,2025-04-26,2025-04-22,,,Dominic Reid,Mairead McKenna,Deirdre Browne,Published,,
24/25,South-East,Gilbert,Kilkenny Musical Society,Legally Blonde,2025-04-09,2025-04-13,2025-04-09,,,Simon Manahan,Jimmy Brockie,Roisín Currid,Published,https://www.aims.ie/post/legally-blonde-as-presented-by-kilkenny-ms,
24/25,Eastern,Sullivan,Kill Musical & Dramatic Society,Made in Dagenham,2025-01-28,2025-02-01,2025-01-28,,,Tom McCarthy,Emert Hartnett,Imelda Winters,Published,https://www.aims.ie/post/made-in-dagenham-as-presented-by-kill-musical-dramatic-society,
24/25,South-West,Gilbert,Killarney Musical Society,Evita,2025-03-11,2025-03-13,2025-03-13,,,Liam Butler,Jimmy Brockie,Stephen Ó Riaín,Published,https://www.aims.ie/post/evita-as-presented-by-killarney-musical-society,
24/25,Eastern,Sullivan,Kilmacud Musical Society,Joseph and the Amazing Technicolor Dreamcoat,2025-04-08,2025-04-12,2025-04-08,,,Stephen Halion,Kevin O'Sullivan,Rachel Sheahan,Published,https://www.aims.ie/post/joseph-and-his-amazing-technicolor-dreamcoat-as-presented-by-kilmacud-musical-society,
24/25,Eastern,Gilbert,Kilmainham Inchicore Musical Society,Rock of Ages,2024-10-29,2024-11-02,2024-11-02,,,Stephen Fagan,Amy Penston-Hendley,Siobhán Ryan,Published,https://www.aims.ie/post/rock-of-ages-as-presented-by-kilmainham-inchicore-musical-society,
24/25,South-West,Sullivan,Kilrush Choral Society,The Addams Family,2025-04-22,2025-04-26,,,,,,,Not adjudicated,,Cancelled
24/25,Eastern,Gilbert,Leixlip Musical & Variety Group,Our House,2025-04-29,2025-05-03,2025-04-29,,,Claire Tighe,Dermot O'Callaghan,Claire Tighe / Jennifer Dawson,Published,https://www.aims.ie/post/our-house-as-presented-by-lmvg,
24/25,Northern,Sullivan,Letterkenny Music & Drama Group,Shrek,2024-12-03,2024-12-08,2024-12-07,,,Tina Higgins and Maire McGinley,Denise Roper,Tina Higgins and Maire McGinley,Published,https://www.aims.ie/post/shrek-as-presented-by-letterkenny-music-and-drama-group,
24/25,Northern,Sullivan,Letterkenny Musical Society,Charlie and the Chocolate Factory,2025-03-04,2025-03-08,,,,,,,Not adjudicated,,Cancelled
24/25,South-West,Sullivan,Light Opera Society of Tralee (LOST),Jesus Christ Superstar,2025-02-26,2025-03-01,2025-02-26,,"White Memorial Theatre, Clonmel",Grainne O’Carroll,Anna Connolly,Aileen Murphy,Published,https://www.aims.ie/post/jesus-christ-superstar-as-presented-by-l-o-s-t,
24/25,South-West,Sullivan,Limerick Musical Society,Charlie and the Chocolate Factory,2025-04-03,2025-04-05,2025-04-03,,,Des Henn,Niall Kelly,Amanda Pierce,Published,https://www.aims.ie/post/charlie-the-chocolate-factory-as-presented-by-limerick-musical-society,
24/25,Northern,Sullivan,Londonderry Musical Society,Oklahoma!,2025-04-09,2025-04-12,2025-04-11,,,Michael Poole,Peter Doherty,Vanessa Chapman,Published,https://www.aims.ie/post/oklahoma-as-presented-by-londonderry-musical-society,
24/25,Eastern,Gilbert,Malahide Musical & Dramatic Society,Urinetown,2025-02-18,2025-02-22,2025-02-18,,,EJ Reilly,Dave McGauran,Jules McNamara,Published,https://www.aims.ie/post/urinetown-as-presented-by-malahide-musical-dramatic-society,
24/25,Western,Gilbert,"Marian Choral Society, Tuam",Beauty and the Beast,2024-10-29,2024-11-02,2024-11-02,,,Aoife McClafferty,Shane Farrell,Jay Molyneux,Published,https://www.aims.ie/post/beauty-the-beast-as-presented-by-marian-choral-society,
24/25,South-West,Sullivan,Mary I Dramatic Arts Society,Legally Blonde,2025-04-03,2025-04-05,2025-04-04,,,Melissa Flaherty,Michael Young,Grace Bourke,Published,https://www.aims.ie/post/legally-blonde-as-presented-by-midas,
24/25,Eastern,Gilbert,Maynooth University Musical and Dramatics Society,Rocky Horror Picture Show,2025-04-08,2025-04-12,2025-04-11,,,Shane Dornan,Louise Gilmore,Mark Lehane,Published,,
24/25,South-West,Gilbert,Mitchelstown Musical Society,Spongebob Squarepants,2025-03-19,2025-03-22,2025-03-22,,,Michael-Anthony Greene,Michael Young,Aileen Coffey,Published,https://www.aims.ie/post/the-spongebob-musical-as-presented-by-mitchelstown-musical-society,
24/25,South-West,Gilbert,Muse Productions,Forever Plaid,2024-09-12,2024-09-14,2024-09-14,,,Martin McNelis,Shannon Hegarty,Gary Loughnane,Published,https://www.aims.ie/post/forever-plaid-as-presented-by-muse-productions,
24/25,South-West,Gilbert,Muse Productions,Shakespeare in Love,2024-10-30,2024-11-01,,,,,,,Not adjudicated,,Cancelled
24/25,Eastern,Sullivan,Naas Musical Society,Young Frankenstein,2025-03-15,2025-03-22,2025-03-19,,Dublin,Sharon McNamara,Mairead McKenna,Deirdre Browne,Published,https://www.aims.ie/post/young-frankenstein-as-presented-by-naas-musical-society,
24/25,South-West,Sullivan,Nenagh Choral Society Ltd,Made in Dagenham,2025-03-17,2025-03-22,2025-03-20,,,Greg Browne,Laura Kearney,Stephanie Browne,Published,https://www.aims.ie/post/made-in-dagenham-as-presented-by-nenagh-choral-society,
24/25,South-West,Gilbert,Nenagh Choral Society Youth Academy,Shrek,2024-10-01,2024-10-05,2024-10-04,,,Stephanie Browne,Mary-Rose McNally,Stephanie Browne,Published,https://www.aims.ie/post/shrek-as-presented-by-nenagh-choral-society-youth-academy,
24/25,South-East,Gilbert,New Ross Musical Society,Beauty and the Beast,2025-03-02,2025-03-08,2025-03-04,,,Derek Shannon,Jimmy Brockie,Anne-Marie Cooney,Published,https://www.aims.ie/post/beauty-and-the-beast-as-presented-by-new-ross-musical-society,
24/25,Midlands,Gilbert,Newbridge Musical Society,The Witches of Eastwick,2025-04-21,2025-04-26,2025-04-21,,,Art McGauran,Dave McGauran,Áine Foley,Published,https://www.aims.ie/post/the-witches-of-eastwick-as-presented-by-newbridge-musical-theatre,
24/25,Midlands,Gilbert,Newbridge Musical Society,Footloose,2025-04-21,2025-04-26,2025-04-21,,,Art McGauran,Dave McGauran,Áine Foley,Published,https://www.aims.ie/post/the-witches-of-eastwick-as-presented-by-newbridge-musical-theatre,
24/25,Northern,Gilbert,Newcastle Glees Musical Society,Guys and Dolls,2024-10-31,2024-11-09,2024-11-09,,,Laura Kerr,Mark Tilley,Clare Donnelly,Published,https://www.aims.ie/post/guys-and-dolls-as-presented-by-newcastle-glees-ms,
24/25,Northern,Gilbert,Newcastle Glees Musical Society,Calendar Girls,2025-03-20,2025-03-29,,,,,,,Not adjudicated,,Cancelled
24/25,Northern,Gilbert,Newcastle Glees Musical Society,Calendar Girls 2.0,2025-03-20,2025-03-29,,,,,,,Not adjudicated,,Cancelled
24/25,South-West,Sullivan,Newcastlewest Musical Society,The Addams Family,2024-10-31,2024-11-09,2024-11-07,,,Susan Browne,Elaine Davern,Susan Browne,Published,https://www.aims.ie/post/the-addams-family-as-presented-by-newcastle-west-ms,
24/25,Northern,Sullivan,Newry Youth Performing Arts,Rock of Ages,2024-09-11,2024-09-14,2024-09-14,,,Jordan Walsh-Rhodes,-,Paul Burns,Published,https://www.aims.ie/post/rock-of-ages-as-presented-by-newry-youth-performing-arts,
24/25,Northern,Sullivan,Newry Youth Performing Arts,Shrek,2025-04-15,2025-04-19,2025-04-16,,,Jordan Walsh-Rhodes,Aislinn McGinn,Paul Burns,Published,https://www.aims.ie/post/shrek-as-presented-by-newry-youth-performing-arts,
24/25,Northern,Gilbert,North East Musical and Dramatic Society,Calendar Girls,2025-04-02,2025-04-05,2025-04-02,,,Brian Gilligan,Shane McVicker,Gavin Quigley (Movement),Published,https://www.aims.ie/post/calendar-girls-as-presented-by-north-east-musical-and-dramatic-society,
24/25,Northern,Gilbert,North East Musical and Dramatic Society,The Wedding Singer,2024-11-12,2024-11-16,2024-11-20,,,Gavin Quigley,Shane McVicker,Leah Meagher,Published,https://www.aims.ie/post/the-wedding-singer-as-presented-by-north-east-musical-dramatic-society,
24/25,South-East,Gilbert,North Wexford Musical Theatre,Spring Awakening,2024-09-04,2024-09-07,2024-09-06,,Gorey Little Theatre,Stephen Acton,Conor McCarthy,Roisín Currid,Published,https://www.aims.ie/post/review-spring-awakening----north-wexford-musical-theatre,
24/25,South-East,Gilbert,Oyster Lane Theatre Group,A Christmas Carol,2024-11-24,2024-11-28,2024-11-27,,"National Opera House, Wexford",Thomas O' Leary,Patrick Clancy,Jonny Smith,Published,https://www.aims.ie/post/a-christmas-carol-as-presented-by-oyster-lane-theatre-group,
24/25,Western,Sullivan,"Pop-Up Theatre, Sligo",Sweeney Todd,2025-04-24,2025-04-26,2025-04-25,,Solstice Arts Centre,Karen Gordon,Niamh Crowley,Ciara Frahill,Published,https://www.aims.ie/post/sweeney-todd-as-presented-by-pop-up-theatre,
24/25,Midlands,Gilbert,Portlaoise Musical Society,Guys and Dolls,2024-11-16,2024-11-23,2024-11-18,,Mill theatre,Art McGauran,Mary Rose McNally,Stephanie Browne,Published,https://www.aims.ie/post/guys-and-dolls-as-presented-by-portlaoise-musical-society,
24/25,South-East,Gilbert,Quayplayers Musical & Dramatic Society,Everybody's Talking About Jamie,2025-04-16,2025-04-20,2025-04-19,,,David Hennessy,Jimmy Brockie,Michelle Condon,Published,,
24/25,Northern,Sullivan,Queen's Musical Theatre Society,9 to 5,2025-02-27,2025-03-01,2025-03-01,,,Charlie McCready,Wyatt Brower,Russell Unsworth,Published,https://www.aims.ie/post/9-to-5-as-presented-by-queen-s-musical-theatre-society,
24/25,Eastern,Sullivan,Rathmines & Rathgar Musical Society,Guys and Dolls,2024-11-05,2024-11-09,,,,,,,Not adjudicated,,Cancelled
24/25,South-West,Sullivan,Roscrea Musical Society,Cry-Baby,2025-05-05,2025-05-10,2025-05-06,,,Paul Norton,Mary Rose McNally,Stephanie Browne,Published,https://www.aims.ie/post/cry-baby-as-presented-by-roscrea-musical-society,
24/25,Eastern,Gilbert,Rush Musical Society,Young Frankenstein,2025-03-20,2025-03-29,2025-03-21,,,Wilfie Pyper,Sarah Lynch Barrett,Leah Meagher,Published,https://www.aims.ie/post/young-frankenstein-as-presented-by-rush-musical-society,
24/25,Eastern,Gilbert,SGPA,Singin' in the Rain,2024-10-04,2024-10-06,,,,,,,Not adjudicated,,Cancelled
24/25,South-West,Gilbert,Shannon Musical Society,Cry-Baby,2025-02-16,2025-02-22,2025-02-20,,"White Memorial Theatre, Clonmel",Tony Finnegan,Carmel Griffin,Stephen O'Ríain,Published,https://www.aims.ie/post/cry-baby-as-presented-by-shannon-musical-society,
24/25,Western,Sullivan,Sligo Fun Company,Annie,2024-11-05,2024-11-09,,,,,,,Not adjudicated,,Cancelled
24/25,Western,Sullivan,Sligo Musical Society,Charlie and the Chocolate Factory,2025-02-18,2025-02-22,,,,,,,Not adjudicated,,Cancelled
24/25,Northern,Gilbert,St. Agnes Choral Society,Calamity Jane,2024-11-12,2024-11-16,2024-11-16,,,Laura Kerr,Andrew Robinson,Amy Blackshow,Published,https://www.aims.ie/post/calamity-jane-as-presented-by-st-agnes-choral-society,
24/25,Western,Sullivan,St. Brendan's Choral and Dramatic Society,Grease,2024-12-11,2024-12-14,2024-12-12,,,Ronan Lardner,Shane Farrell,Ronan Lardner,Published,https://www.aims.ie/post/grease-as-performed-by-st-brendan-s-choral-dramatic-society,
24/25,South-West,Gilbert,"St. Mary's Choral Society, Clonmel",Beauty and the Beast,2025-04-13,2025-04-20,2025-04-19,,,Des Henn,Niall Kelly,Barbara Meany,Published,https://www.aims.ie/post/beauty-and-the-beast-as-presented-by-st-mary-s-choral-clonmel,
24/25,Eastern,Gilbert,"St. Marys Musical Society, Navan",Evita,2025-04-08,2025-04-13,2025-04-12,,St. Mary's Arklow,Sharon McNamara,Dr. Dylan Browne,Laura Douglas,Published,,
24/25,Midlands,Gilbert,"St. Mel's Musical Society, Longford",Me and My Girl,2025-04-21,2025-04-26,2025-04-26,,,Peter Kennedy,Fintan Farrelly,Dylan O'Keeffe,Published,https://www.aims.ie/post/me-and-my-girl-as-presented-by-st-mel-s-musical-society,
24/25,South-East,Sullivan,St. Michael's Theatre Musical Society,The Witches of Eastwick,2024-11-20,2024-11-23,2024-11-23,,Garter Lane,Kevin Kennedy,Philip Kennedy,Claire Kickham,Published,https://www.aims.ie/post/the-witches-of-eastwick-as-presented-by-st-michael-s-theatre-musical-society,
24/25,Northern,Gilbert,"St. Patrick's Choral Society, Downpatrick",The Sound of Music,2025-03-25,2025-03-29,2025-03-28,,,Gary Warnock,Wilson Shields,Alexx MacFarlane,Published,https://www.aims.ie/post/the-sound-of-music-as-presented-by-st-patrick-s-choral-society,
24/25,Northern,Gilbert,"St. Patrick's Choral Society, Downpatrick",Footloose,2024-11-13,2024-11-16,,,,,,,Not adjudicated,,Cancelled
24/25,Eastern,Gilbert,Teachers' Musical Society,Jesus Christ Superstar,2025-04-01,2025-04-05,2025-04-01,,,EJ Reilly,Shane Farrell,Nicole McDonald,Published,https://www.aims.ie/post/jesus-christ-superstar-as-presented-by-teacher-s-musical-society,
24/25,Midlands,Sullivan,The Odd Theatre Company,Sunday in the Park with George,2024-11-28,2024-11-30,2024-11-29,,,Cian O Dowd,Keelin Kilduff,Cian O Dowd,Published,https://www.aims.ie/post/sunday-in-the-park-with-george-as-presented-by-odd-theatre-company,
24/25,South-West,Gilbert,Thurles Musical Society,Hot Mikado,2025-03-25,2025-03-29,2025-03-28,,,Oliver Hurley,Mary Rose McNally,Oliver Hurley,Published,https://www.aims.ie/post/hot-mikado-as-presented-by-thurles-musical-society,
24/25,South-West,Gilbert,Tipperary Musical Society,Rock of Ages,2025-02-17,2025-02-22,2025-02-17,,,Paul Norton,Mary Rose McNally,Stephanie Browne,Published,https://www.aims.ie/post/rock-of-ages-as-presented-by-tipperary-ms,
24/25,South-West,Gilbert,Tralee Musical Society,The Clockmaker's Daughter,2025-04-15,2025-04-19,2025-04-18,,,Oliver Hurley,Michael Young,Justin Walsh,Published,,
24/25,Eastern,Gilbert,Trim Musical Society,Rock of Ages,2025-02-17,2025-02-22,2025-02-22,,Town Hall Theatre,Emma Thornton,Ben Cully,Laura Douglas,Published,https://www.aims.ie/post/rock-of-ages-as-presented-by-trim-musical-society,
24/25,Eastern,Gilbert,Trinity Musical Theatre Society,Footloose,2024-11-28,2024-11-30,2024-11-28,,,Conor Lawler,Philip Walshe,Muireann Carey,Published,https://www.aims.ie/post/footloose-as-presented-by-trinity-musical-theatre,
24/25,Eastern,Gilbert,Trinity Musical Theatre Society,Into the Woods,2025-03-19,2025-03-22,2025-03-21,,,Erica O'Reilly,Megan Foley,Grace Skowronski',Published,https://www.aims.ie/post/into-the-woods-as-presented-by-trinity-musical-theatre,
24/25,Midlands,Gilbert,Tullamore Musical Society,Jesus Christ Superstar,2025-02-16,2025-02-21,2025-02-21,,,Art McGauran,Enda O'Connor,Graham Finnerty,Published,https://www.aims.ie/post/jesus-christ-superstar-as-presented-by-tullamore-musical-society,
24/25,Northern,Sullivan,Tullyvin Musical Society,Oklahoma!,2024-10-15,2024-10-19,2024-10-19,,,Paul Laycock,Dave McGauran,Jules McNamara,Published,https://www.aims.ie/post/oklahoma-as-presented-by-tullyvin-musical-society,
24/25,South-West,Sullivan,UCC Musical Theatre Society,The Wedding Singer,2025-03-27,2025-03-29,2025-03-27,,"Theatre Royal, Waterford",Sam Anderson,Lucia Schmetterer,Michael Healey,Published,https://www.aims.ie/post/the-wedding-singer-as-presented-by-ucc-musical-theatre-society,
24/25,Eastern,Gilbert,UCD Musical Society,Little Shop of Horrors,2025-02-28,2025-03-01,2025-02-28,,,Lia Mullan,Sam Hoffheinz,Sinéad Gormally,Published,https://www.aims.ie/post/little-shop-of-horrors-as-presented-by-ucd-musical-society,
24/25,Eastern,Gilbert,UCD Musical Society,Sweet Charity,2024-09-26,2024-09-28,2024-09-27,,,Mafalda Zúquete,Luke Shiels,Cara McCrystal,Published,https://www.aims.ie/post/sweet-charity-as-presented-by-ucd-musical-society,
24/25,Eastern,Gilbert,UCD Musical Society,Bonnie & Clyde,2024-11-20,2024-11-23,2024-11-21,,,Seán Sheehy,Dario Regazzi,Emma Rogerson,Published,https://www.aims.ie/post/bonnie-clyde-as-presented-by-ucd-musical-society,
24/25,Northern,Sullivan,Ulster Operatic Company,Legally Blonde,2024-10-08,2024-10-12,2024-10-11,,,Tony Finnegan,Wilson Shields,Matthew Watson,Published,https://www.aims.ie/post/legally-blonde-as-presented-by-ulster-operatic-company,
24/25,South-West,Sullivan,University of Limerick Musical Theatre Society,Seussical,2025-03-27,2025-03-29,2025-03-28,,,Sean McInerney,Eamon O Malley / Jared Nadin,Stephen O'Ríain,Published,https://www.aims.ie/post/seussical-as-presented-by-ul-musical-theatre-society,
24/25,South-East,Gilbert,Wexford Light Opera Society,Young Frankenstein,2025-04-28,2025-05-03,2025-05-03,,,Christine Scarry,David Hayes,Therese O'Sullivan,Published,https://www.aims.ie/post/young-frankenstein-as-presented-by-wlos,
25/26,Western,Gilbert,9 Arch Musical Society,Jesus Christ Superstar,2025-11-19,2025-11-22,2025-11-21,,,Alan Greaney,Shane Farrell,Jay Molyneux,Published,https://www.aims.ie/post/review-jesus-christ-superstar-9-arch-musical-society,
25/26,South-West,Gilbert,Aghada Centre Theatre Group,Legally Blonde,2026-02-15,2026-02-21,2026-02-17,,,Sinead Dunlea,Robbie Pender,Chloe O'Leary,Published,https://www.aims.ie/post/review-legally-blonde-aghada-centre-theatre-group,
25/26,Midlands,Gilbert,Athlone Musical Society,The Witches of Eastwick,2026-03-03,2026-03-07,2026-03-07,,,Dominic Reid,Ger Madden,Kori Kilduff,Published,https://www.aims.ie/post/review-the-witches-of-eastwick-athlone-musical-society,
25/26,South-East,Sullivan,Avonmore Musical Society,The Clockmaker's Daughter,2026-04-07,2026-04-11,2026-04-11,,,Amy Penston-Hendley,Conor McCarthy,Martina Lynch,None,,
25/26,Eastern,Sullivan,Baldoyle Musical Society,Sister Act,2026-04-21,2026-04-25,2026-04-22,,,,,,None,,
25/26,Midlands,Sullivan,Ballinasloe Musical Society,Shrek,2026-03-25,2026-03-28,2026-03-28,,,Ronan Lardner,Shane Farrell,Aoife McClafferty,Published,https://www.aims.ie/post/review-shrek-ballinasloe-musical-society,
25/26,Western,Gilbert,Ballinrobe Musical Society,Frozen,2026-04-05,2026-04-11,2026-04-06,,,,,,Scheduled,,
25/26,Northern,Sullivan,Ballyshannon Musical Society,The Sound of Music,2026-02-24,2026-02-28,,,,,,,Not adjudicated,,Cancelled
25/26,Northern,Sullivan,Ballywillan Drama Group,Guys and Dolls,2026-01-25,2026-01-31,2026-01-30,,,Brian Logan,Andrew Robinson,Laura Fisher / Sharon Logan,Published,https://www.aims.ie/post/review-guys-and-dolls-ballywillan-drama-group,
25/26,Northern,Gilbert,Belfast Operatic Company,The Sound of Music,2025-06-24,2025-06-28,,,,,,,Not adjudicated,,
25/26,South-West,Sullivan,Bellvue Academy of Performing Arts,Hadestown: Teen Edition,2026-03-12,2026-03-14,2026-02-28,,,Lisa Kelly,Niall Kelly,Keith Dwyer Greene,Published,https://www.aims.ie/post/review-hadestown-teen-edition-bellvue-academy,
25/26,Northern,Gilbert,Bosco Drama Group,Beauty and the Beast,2025-10-28,2025-11-01,2025-10-30,,,Connie McCaughey,Aislinn McGinn,Ann Marie Morgan,Published,https://www.aims.ie/post/review-beauty-the-beast-bosco-drama-group,
25/26,Western,Sullivan,Boyle Musical Society,Curtains,2025-11-19,2025-11-22,2025-11-21,,,Karen Gordon,Anne Kielty,Eimear Mulvey,Published,https://www.aims.ie/post/review-curtains-boyle-musical-society,
25/26,Western,Gilbert,Bravo Theatre Group,Come From Away,2025-09-10,2025-09-12,2025-09-11,,,Aoife McClafferty,Shane Farrell,Aoife McClafferty,Published,https://www.aims.ie/post/review-come-from-away-bravo-theatre-group,
25/26,South-East,Sullivan,Bray Musical Society,We Will Rock You,2026-04-08,2026-04-11,2026-04-09,,,Chris Currid,Elizabeth Gregan,Roisin Currid,None,,
25/26,South-East,Gilbert,Carnew Musical Society,"Hello, Dolly!",2025-11-24,2025-11-29,2025-11-28,,,Michael Dunbar,Emer Hartnett,Graham Finnerty,Published,https://www.aims.ie/post/review-hello-dolly-carnew-musical-society,
25/26,South-West,Gilbert,Carrick-on-Suir Musical Society,Man of La Mancha,2026-03-14,2026-03-24,2026-03-28,,,Andrew Holden,Fergal Carroll,Claire O'Hara,Published,https://www.aims.ie/post/review-man-of-la-mancha-carrick-on-suir-musical-society,
25/26,Western,Sullivan,Castlebar Musical & Dramatic Society,We Will Rock You,2026-03-26,2026-03-28,2026-03-28,,,Donna Ruane,Deirdre Lee,Claudia O'Sullivan,Published,https://www.aims.ie/post/review-we-will-rock-you-castlebar-mds,
25/26,Western,Sullivan,Castlerea Musical Society,,,,,,,,,,Not adjudicated,,Cancelled
25/26,South-West,Gilbert,"Cecilian Musical Society, Limerick",We Will Rock You,2025-11-19,2025-11-22,2025-11-22,,,Des Henn,Conor McCarthy,Barbara Meaney,Published,https://www.aims.ie/post/review-we-will-rock-you-cecilian-musical-society,
25/26,Eastern,Gilbert,Clane Musical & Dramatic Society,Curtains,2025-11-04,2025-11-08,2025-11-07,,,Jennifer O'Brien,Barry Power,Áine Foley,Published,https://www.aims.ie/post/review-curtains-clane-musical-dramatic-society,
25/26,Midlands,Gilbert,Clara Musical Society,Frozen,2026-04-06,2026-04-11,2026-04-08,,,Alan Recks,Alan Recks,Lea Carroll,Scheduled,,
25/26,Western,Sullivan,Claremorris Musical Society,Charlie and the Chocolate Factory,2026-01-28,2026-01-31,2026-01-31,,,Donna Ruane,Deirdre Lee,Jay Molyneux,Published,https://www.aims.ie/post/review-charlie-and-the-chocolate-factory-claremorris-musical-society,
25/26,Eastern,Gilbert,Coolmine Musical Society,Anything Goes,2025-11-18,2025-11-22,2025-11-18,,,EJ Reilly,Caitriona Ni Threasaigh,Nicold McDonald,Published,https://www.aims.ie/post/review-anything-goes-coolmine-musical-society,
25/26,South-West,Sullivan,Creative Minds Productions,Bonnie & Clyde,2025-07-21,2025-07-24,,,,,,,Not adjudicated,,
25/26,Eastern,Sullivan,Drogheda Musical Society,The Addams Family,2026-03-12,2026-03-14,2026-03-12,,,Sarah Louisa Nolan,Megan Monerawela,Aisling Nally,Published,https://www.aims.ie/post/review-the-addams-family-drogheda-musical-society,
25/26,Eastern,Gilbert,Dun Laoghaire Musical & Dramatic Society,Guys and Dolls,2026-03-31,2026-04-04,2026-04-01,,,Stephen Fagan,Barry Power,Lauren Dooley,Published,https://www.aims.ie/post/review-guys-and-dolls-dun-laoghaire-mds,
25/26,Eastern,Sullivan,Dunboyne Musical Society,Rock of Ages,2026-04-07,2026-04-11,2026-04-10,,,Orla Mulreid-Deane,Caitriona Ni Threasaigh,Gráinne Kennedy,None,,
25/26,Eastern,Sullivan,Dundalk Musical Society,My Fair Lady,2025-10-15,2025-10-19,2025-10-16,,,Tony Finnegan,Elizabeth Freeburn,Daniel Maguire,Published,https://www.aims.ie/post/review-my-fair-lady-dundalk-ms,
25/26,South-West,Non-AIMS,East Clare Musical Society,The Addams Family,2026-02-19,2026-02-22,,,,,,,Not adjudicated,,
25/26,South-West,Gilbert,Ennis Musical Society,Beauty and the Beast,2026-04-01,2026-04-04,2026-04-04,,,Jessica Bray,Carmel Griffin,Stephen O'Ríain,Published,https://www.aims.ie/post/review-beauty-the-beast-ennis-musical-society,
25/26,South-East,Gilbert,Enniscorthy Musical Society,Chess,2026-04-08,2026-04-11,2026-04-10,,,,Kevin Kennedy,,None,,
25/26,Eastern,Gilbert,Entr'acte Musical Theatre Society,Jesus Christ Superstar,2026-02-18,2026-02-21,2026-02-21,,,Niamh McGowan,Roisin Heenan,Niamh McGowan,Published,https://www.aims.ie/post/review-jesus-christ-superstar-entr-acte,
25/26,Northern,Sullivan,Fermanagh Musical Theatre,Carrie,2025-08-20,2025-08-23,,,,,,,Not adjudicated,,
25/26,South-West,Sullivan,Fermoy Musical Society,Encore (Cabaret night),2025-11-06,2025-11-08,,,,,,,Not adjudicated,,
25/26,Northern,Sullivan,Fortwilliam Musical Society,We Will Rock You,2026-04-21,2026-04-25,2026-04-25,,,,,,None,,
25/26,Northern,Sullivan,Fortwilliam Musical Society,A Christmas Carol,2025-12-03,2025-12-06,,,,,,,Not adjudicated,,Cancelled
25/26,Western,Gilbert,Galway Musical Society,Pippin,2026-04-14,2026-04-18,2026-04-15,,,,,,None,,
25/26,Western,Gilbert,Galway University Musical Society,Follies,2026-02-03,2026-02-07,2026-02-07,,,Keith Hanley,Abbie Flannery,Emily Smith,Published,https://www.aims.ie/post/review-follies-gums,
25/26,Eastern,Gilbert,Glencullen Dundrum MDS,Curtains,2026-03-24,2026-03-28,,,,,,,Not adjudicated,,Cancelled
25/26,South-East,Gilbert,Gorey Musical Society,The Hunchback of Notre Dame,2026-03-30,2026-04-04,2026-04-02,,,Megan Lopez,Conor McCarthy,Megan Lopez,Published,https://www.aims.ie/post/review-the-hunchback-of-notre-dame-gorey-musical-society,
25/26,Northern,Sullivan,Greasepaint Productions,Calendar Girls,2025-11-18,2025-11-22,2025-11-20,,,Dónall Henderson,Noel Thompson,Dónall Henderson,Published,https://www.aims.ie/post/review-calendar-girls-greasepaint-productions,
25/26,Eastern,Sullivan,Harolds Cross Tallaght Musical Society,The Addams Family,2025-11-11,2025-11-15,2025-11-12,,,Niamh McGowan,Dermot O'Callaghan,Lauren Dooley,Published,https://www.aims.ie/post/review-the-addams-family-hxt,
25/26,South-East,Gilbert,Jack Cunningham Productions,All Shook Up,2025-09-03,2025-09-06,2025-09-06,,,Jack Cunningham,Andrew Lane,Jack Cunningham,Published,https://www.aims.ie/post/review-all-shook-up-jack-cunningham-productions,
25/26,Eastern,Gilbert,Kilcock Musical & Dramatic Society,Into the Woods,2026-04-07,2026-04-11,2026-04-09,,,Chris Coroon,Mairead McKenna,Maria Fowler,None,,
25/26,South-West,Gilbert,Killarney Musical Society,All Shook Up,2026-02-10,2026-02-12,2026-02-11,,,Oliver Hurley,Jimmy Brockie,,Published,https://www.aims.ie/post/review-all-shook-up-killarney-musical-society,
25/26,Eastern,Sullivan,Kilmacud Musical Society,Spongebob Squarepants,2026-04-14,2026-04-18,2026-04-16,,,Stephen Fagan,,Rachel Bermingham,None,,
25/26,Eastern,Gilbert,Kilmainham Inchicore Musical Society,Rodgers & Hammerstein's Cinderella,2025-10-29,2025-11-01,2025-10-29,,,Sharon McNamara,Amy Penston-Hendley,Bernie O'Sullivan,Published,https://www.aims.ie/post/review-rodger-hammerstein-s-cinderella-kims,
25/26,Eastern,Gilbert,Leixlip Musical & Variety Group,Fame,2026-04-21,2026-04-25,2026-04-22,,,Claire Tighe,Dermot O'Callaghan,Claire Tighe / Jen Dawson,None,,
25/26,Northern,Gilbert,Letterkenny Music & Drama Group,The Band,2025-11-25,2025-11-29,,,,,,,Not adjudicated,,Cancelled
25/26,Northern,Sullivan,Letterkenny Musical Society,Come From Away,2026-03-10,2026-03-14,2026-03-11,,,Maria Rushe,Mark Bradley,,Published,https://www.aims.ie/post/review-come-from-away-letterkenny-ms,
25/26,South-West,Sullivan,Light Opera Society of Tralee (LOST),West Side Story,2025-11-19,2025-11-22,2025-11-22,,,Gráinne O'Carroll,Aidan O'Carroll,Aileen Murphy,Published,https://www.aims.ie/post/review-west-side-story-light-opera-society-of-tralee,
25/26,South-West,Sullivan,Limerick Musical Society,Michael Collins - A Musical Drama,2026-03-19,2026-03-21,2026-03-21,,,Des Henn,Michael Young,Des Henn,Published,https://www.aims.ie/post/review-michael-collins-a-musical-drama-limerick-musical-society,
25/26,Northern,Sullivan,Lisnagarvey Operatic and Dramatic Society,Jesus Christ Superstar,2026-04-22,2026-04-26,2026-04-24,,,,,,None,,
25/26,Northern,Gilbert,Londonderry Musical Society,Kinky Boots,2026-03-11,2026-03-14,2026-03-11,,,Alan McClarty,Peter Doherty,,Published,https://www.aims.ie/post/review-kinky-boots-londonderry-musical-society,
25/26,Eastern,Gilbert,Malahide Musical & Dramatic Society,The Witches of Eastwick,2026-02-17,2026-02-21,2026-02-18,,,EJ Reilly,Dave McGauran,Karen McCourt,Published,https://www.aims.ie/post/review-witches-of-eastwick-malahide-mds,
25/26,Western,Gilbert,"Marian Choral Society, Tuam",The Clockmaker's Daughter,2025-10-28,2025-11-01,,,,,,,Not adjudicated,,
25/26,South-West,Sullivan,Mary I Dramatic Arts Society,The Spongebob Musical,2026-03-12,2026-03-14,2026-03-13,,,Bróna McGlinchey,Michael Young,Emily Flynn,Published,https://www.aims.ie/post/review-the-spongebob-musical-midas,
25/26,Eastern,Gilbert,Maynooth University Musical and Dramatics Society,Spring Awakening,2026-04-14,2026-04-18,2026-04-17,,,,,,None,,
25/26,South-West,Gilbert,Mitchelstown Musical Society,We Will Rock You,2026-03-18,2026-03-21,2026-03-20,,,Lisa Kelly,Eamon O'Malley,`Henry James Fitzgerald,Published,https://www.aims.ie/post/review-we-will-rock-you-mitchelstown-musical-society,
25/26,South-West,Gilbert,Muse Productions,Rent,2025-10-29,2025-11-01,2025-11-01,,,Martin McNelis,Mary-Rose McNally,Jay Molyneux,Published,https://www.aims.ie/post/review-rent-muse-productions,
25/26,Eastern,Sullivan,Naas Musical Society,We Will Rock You,2026-03-07,2026-03-13,2026-03-09,,,Sharon McNamara,Mairead McKenna,Áine Foley,Published,https://www.aims.ie/post/review-we-will-rock-you-naas-musical-society,
25/26,South-West,Sullivan,Nenagh Choral Society Ltd,Evita,2026-03-24,2026-03-28,2026-03-26,,,Greg Browne,Laura Kearney,Megan Maher,Published,https://www.aims.ie/post/review-evita-nenagh-choral-society,
25/26,South-West,Gilbert,Nenagh Choral Society Youth Academy,Young Frankenstein,2025-10-21,2025-10-25,,,,,,,Not adjudicated,,
25/26,South-East,Sullivan,New Ross Musical Society,Me and My Girl,2026-03-09,2026-03-14,2026-03-14,,,Derek Shannon,Jimmy Brockie,Anne-Marie Cooney,Published,https://www.aims.ie/post/review-me-and-my-girl-new-ross-musical-society,
25/26,Midlands,Sullivan,Newbridge Musical Society,West Side Story,2026-04-06,2026-04-11,2026-04-07,,,Cian O'Dowd,Dave McGauran,Áine Foley,Scheduled,,
25/26,Northern,Gilbert,Newcastle Glees Musical Society,The Wizard of Oz,2025-11-13,2025-11-22,2025-11-15,,,Laura Kerr,Mark Tilley,Amy Blackshaw,Published,https://www.aims.ie/post/review-the-wizard-of-oz-newcastle-glees,
25/26,South-West,Sullivan,Newcastlewest Musical Society,My Fair Lady,2025-11-06,2025-11-15,2025-11-07,,,Susan Browne,Elaine Davern,Susan Browne,Published,https://www.aims.ie/post/review-my-fair-lady-newcastle-west-ms,
25/26,Northern,Gilbert,North East Musical and Dramatic Society,Sister Act,2025-11-18,2025-11-22,2025-11-20,,,Gavin Quigley,Shane McVicker,Jordan Rosborough,Published,https://www.aims.ie/post/review-sister-act-north-east-musical-and-dramatic-society,
25/26,Northern,Gilbert,North East Musical and Dramatic Society,Dear Evan Hansen,2026-04-21,2026-04-25,2026-04-21,,,Niamh McGowan,,,None,,
25/26,South-East,Gilbert,North Wexford Musical Theatre,Into the Woods,2025-09-18,2025-09-20,2025-09-20,,Gorey Little Theatre,Róisín Currid,Conor McCarthy,Róisín Currid,Published,https://www.aims.ie/post/review-into-the-woods-nwmt,
25/26,South-East,Gilbert,Oyster Lane Theatre Group,The Wizard of Oz,2025-11-23,2025-11-27,2025-11-26,,"National Opera House, Wexford",Jonny Smith,Patrick Clancy,Jonny Smith,Published,https://www.aims.ie/post/review-the-wizard-of-oz-oyster-lane-theatre-group,
25/26,Western,Gilbert,"Pop-Up Theatre, Sligo",Rock of Ages,2026-04-01,2026-04-05,2026-04-05,,,Karen Gordon,Niamh Crowley,Ciara Frahill,Scheduled,,
25/26,Midlands,Gilbert,Portlaoise Musical Society,Come From Away,2025-11-15,2025-11-22,,,,Art McGauran,Mairead McKenna,Lea Carroll,Not adjudicated,,
25/26,Northern,Sullivan,Portrush Music Society,My Fair Lady,2025-05-27,2025-05-31,2025-05-31,,,Kerry Kane,Terry Cloughley,Rosemary O’Connor,Published,https://www.aims.ie/post/review-my-fair-lady-portrush-ms,
25/26,Northern,Sullivan,Queen's Musical Theatre Society,Carrie,2026-02-26,2026-02-28,,,,,,,Not adjudicated,,
25/26,Eastern,Sullivan,Rathmines & Rathgar Musical Society,My Fair Lady,2025-11-11,2025-11-15,,,,Garry Mountaine,Vicky Kenny,David Hayes,Not adjudicated,,
25/26,Eastern,Sullivan,Ratoath Musical Society,Annie,2026-04-29,2026-05-03,2026-05-01,,,Sharon McNamara,David O'Connor,Aisling Rountree,None,,
25/26,South-West,Sullivan,Roscrea Musical Society,West Side Story,2026-04-27,2026-05-02,2026-04-28,,,,,,None,,
25/26,Eastern,Gilbert,Rush Musical Society,The Drowsy Chaperone,2026-03-19,2026-03-28,2026-03-21,,,Wilfie Pyper,Sarah Lynch Barrett,Eimear Sheridan,Published,https://www.aims.ie/post/review-the-drowsy-chaperone-rush-musical-society,
25/26,Eastern,Gilbert,SGPA,Grease,2025-08-08,2025-08-10,,,,,,,Not adjudicated,,
25/26,South-West,Sullivan,Shannon Musical Society,Come From Away,2026-02-15,2026-02-21,2026-02-16,,,Michael Anthony Greene,Carmel Griffin,Stephen O'Ríain,Published,https://www.aims.ie/post/review-come-from-away-shannon-musical-society,
25/26,Western,Sullivan,Sligo Musical Society,Shrek,2026-02-17,2026-02-21,,,,David McEvoy,Charles O'Connor,Thomas Spratt,Not adjudicated,,Cancelled
25/26,Northern,Gilbert,St. Agnes Choral Society,Come From Away,2025-09-04,2025-09-13,2025-09-13,,,Rachel Logan-Fee,Andrew Robinson,Amy Blackshaw,Published,https://www.aims.ie/post/review-come-from-away-agnes-choral,
25/26,Northern,Gilbert,St. Agnes Choral Society,Anything Goes,2026-04-14,2026-04-18,2026-04-14,,,,,,None,,
25/26,Western,Sullivan,St. Brendan's Choral and Dramatic Society,Little Shop of Horrors,2026-04-29,2026-05-02,2026-04-29,,,Ronan Lardner,Shane Farrel,Ronan Lardner,None,,
25/26,South-West,Gilbert,"St. Mary's Choral Society, Clonmel",The Clockmaker's Daughter,2026-04-27,2026-05-02,2026-04-21,,,,,,None,,
25/26,Eastern,Gilbert,"St. Marys Musical Society, Navan",Sister Act,2026-04-21,2026-04-26,2026-04-21,,,,,,None,,
25/26,Midlands,Gilbert,"St. Mel's Musical Society, Longford",The Wizard of Oz,2026-04-07,2026-04-11,2026-04-07,,,,,,Scheduled,,
25/26,South-East,Sullivan,St. Michael's Theatre Musical Society,Sister Act,2025-11-18,2025-11-22,2025-11-19,,,Kevin Kennedy,Philip Kennedy,Claire Kickham,Published,https://www.aims.ie/post/review-sister-act-st-michael-s-theatre-ms,
25/26,Northern,Sullivan,"St. Patrick's Choral Society, Downpatrick",Annie,2025-11-18,2025-11-22,2025-11-18,,,Gary Warnock,Wilson Shields,Alex McFarlane,Published,https://www.aims.ie/post/review-annie-st-patrick-s-choral-society,
25/26,Eastern,Sullivan,Stage One New-Musical Group (S.O.N.G.),Annie,2025-11-19,2025-11-23,2025-11-23,,,Terese Dunne and Moya Hodgers,Patrick Dunne,"Sarah Dunne, EJ Dunne, Tara Gill and Terese Dunne",Published,https://www.aims.ie/post/review-annie-song,
25/26,Eastern,Sullivan,Stage One New-Musical Group (S.O.N.G.),We Will Rock You,2026-04-15,2026-04-19,2026-04-19,,An Táin Arts Centre,Terese Dunne & Moya Hodgers,Patrick Dunne,"Terese Dunne, EJ Dunne, Tara Gill & Sinead Lightley",None,,
25/26,Eastern,Gilbert,Teachers' Musical Society,Jekyll & Hyde,2026-03-24,2026-03-28,2026-03-25,,,EJ Reilly,Dermot O'Callaghan,Serena Salmon,Published,https://www.aims.ie/post/review-jekyll-hyde-teachers-musical-society,
25/26,Midlands,Gilbert,The Odd Theatre Company,Jesus Christ Superstar,2025-10-23,2025-10-25,2025-10-25,,,Cian O'Dowd,Keelin Kilduff,Áine Foley,Published,https://www.aims.ie/post/review-jesus-christ-superstar-odd-theatre-company,
25/26,South-West,Gilbert,Thurles Musical Society,The Hunchback of Notre Dame,2026-03-24,2026-03-28,2026-03-27,,,Michael Anthony Greene,Mary-Rose McNally,Michael Anthony Greene,Published,https://www.aims.ie/post/review-the-hunchback-of-notre-dame-thurles-musical-society,
25/26,South-West,Gilbert,Tipperary Musical Society,Sweeney Todd,2026-02-17,2026-02-21,2026-02-19,,,David Hennessy,Mary-Rose McNally,Amanda Kearns,Published,https://www.aims.ie/post/review-sweeney-todd-tipperary-musical-society,
25/26,South-West,Gilbert,Tralee Musical Society,The Clockmaker's Daughter,2025-11-11,2025-11-15,,,,,,,Not adjudicated,,
25/26,South-West,Gilbert,Tralee Musical Society,The Prince of Egypt,2026-04-14,2026-04-18,2026-04-17,,,,,,None,,
25/26,South-West,Gilbert,Tralee Musical Society,The Clockmaker's Daughter (Reprise),2025-11-11,2025-11-15,,,,,,,Not adjudicated,,
25/26,Eastern,Gilbert,Trim Musical Society,Legally Blonde,2026-03-02,2026-03-07,2026-03-04,,,Emma Thornton,Ben Cully,Laura Douglas,Published,https://www.aims.ie/post/review-legally-blonde-trim-musical-society,
25/26,Eastern,Gilbert,Trinity Musical Theatre Society,Spring Awakening,2026-01-21,2026-01-24,2026-01-24,,,Juliet Hill,Sarah Doherty,Grace Skowronski,Published,https://www.aims.ie/post/review-spring-awakening-trinity-musical-theatre,
25/26,Midlands,Gilbert,Tullamore Musical Society,We Will Rock You,2026-02-19,2026-02-26,2026-02-20,,,Chris Coroon,Enda O'Connor,Laura Douglas,Published,https://www.aims.ie/post/review-we-will-rock-you-tullamore-musical-society,
25/26,Northern,Sullivan,Tullyvin Musical Society,Made in Dagenham,2025-10-15,2025-10-18,2025-10-18,,,Aoife Shalvey,Dave McGauran,Aisling Rountree,Published,https://www.aims.ie/post/review-made-in-dagenham-tullyvin-ms,
25/26,South-West,Sullivan,UCC Musical Theatre Society,Carrie,2026-04-02,2026-04-04,2026-04-04,,,James O’Connor,Emmeline Turley,Michael Healy,Published,https://www.aims.ie/post/review-carrie-the-musical-ucc-musical-theatre-society,
25/26,Eastern,Gilbert,UCD Musical Society,The Wedding Singer,2025-11-19,2025-11-22,2025-11-19,,,Namh O'Brien/Julie Bowell,Dario Regazzi,Niamh O'Brien,Published,https://www.aims.ie/post/review-the-wedding-singer-ucd-musical-soc,
25/26,Eastern,Gilbert,UCD Musical Society,Carrie,2026-02-25,2026-02-28,2026-02-25,,,Fionn O'Neill,Cuan Egan,Doireann McAuley,Published,https://www.aims.ie/post/review-carrie-ucd-musical-soc,
25/26,Northern,Gilbert,Ulster Operatic Company,9 to 5,2025-10-07,2025-10-11,2025-10-11,,,Tony Finnegan,Wilson Shields,Matthew Watson,Published,https://www.aims.ie/post/review-9-to-5-ulster-operatic-company,
25/26,South-West,Sullivan,University of Limerick Musical Theatre Society,All Shook Up,2026-04-02,2026-04-04,,,,,,,Not adjudicated,,
25/26,South-East,Sullivan,Waterford Musical Society,Calamity Jane,2026-04-28,2026-05-02,2026-05-02,,,Ray Collins,Wayne Brown,Ali Reville,None,,
25/26,South-East,Gilbert,Wexford Light Opera Society,Jesus Christ Superstar,2026-04-27,2026-05-02,2026-06-02,,,Christine Scarry,David Hayes,Therese O'Sullivan,None,,
25/26,South-West,Sullivan,Youghal Musical Society,Fiddler on the Roof,2026-03-24,2026-03-27,2026-03-27,,,Seamus Power,Anna O' Sullivan,Kate O'Callaghan,Published,https://www.aims.ie/post/review-fiddler-on-the-roof-youghal-musical-society,
26/27,Western,Gilbert,9 Arch Musical Society,All Shook Up,,,,,,,Kate Faherty,,None,,
26/27,Western,,Achill Musical & Dramatic Society,,,,,,,,,,None,,
26/27,South-West,Gilbert,Aghada Centre Theatre Group,Come From Away,,,,,,,,,None,,
26/27,Midlands,Gilbert,Athlone Musical Society,The Wedding Singer,,,,,,,,,None,,
26/27,South-East,Gilbert,Avonmore Musical Society,Made in Dagenham,,,,,,,,,None,,
26/27,Eastern,Sullivan,Baldoyle Musical Society,Shrek,,,,,,,,,None,,
26/27,Midlands,Sullivan,Ballinasloe Musical Society,The Prince of Egypt,,,,,,Aoife McClafferty,Ria Purcell,Shane Farrell,None,,
26/27,Western,Gilbert,Ballinrobe Musical Society,The Clockmaker's Daughter,,,,,,,,,None,,
26/27,Northern,Sullivan,Ballyshannon Musical Society,,,,,,,,,,None,,
26/27,Northern,Sullivan,Ballywillan Drama Group,,,,,,,,,,None,,
26/27,Northern,Sullivan,Belfast Operatic Company,Guys and Dolls,2026-05-12,2026-05-16,,,,,,,None,,
26/27,Northern,Gilbert,Belfast Operatic Company,Come From Away,,,,,,,,,None,,
26/27,South-West,Sullivan,Bellvue Academy of Performing Arts,Newsies,,,,,,,,,None,,
26/27,Midlands,Sullivan,Birr Stage Guild,,,,,,,,,,None,,
26/27,Northern,Gilbert,Bosco Drama Group,,,,,,,,,,None,,
26/27,Western,Sullivan,Boyle Musical Society,,,,,,,,,,None,,
26/27,Western,Gilbert,Bravo Theatre Group,Dear Evan Hansen,2026-09-30,2026-10-03,,,"Temperance Hall, Loughrea",Aoife McClafferty,Shane Farrell,,None,,
26/27,South-East,Sullivan,Bray Musical Society,Beauty and the Beast,,,,,,,,,None,,
26/27,South-East,Gilbert,Carnew Musical Society,Evita,,,,,,,,,None,,
26/27,South-West,Gilbert,Carrick-on-Suir Musical Society,Beauty and the Beast,,,,,,,,,None,,
26/27,South-West,Sullivan,Carrigaline Musical Society,,,,,,,,,,None,,
26/27,Western,Sullivan,Castlebar Musical & Dramatic Society,,,,,,,,,,None,,
26/27,Western,Sullivan,Castlerea Musical Society,Frozen,,,,,,,,,None,,
26/27,South-West,Gilbert,"Cecilian Musical Society, Limerick",The Hunchback of Notre Dame,,,,,,,,,None,,
26/27,Eastern,Sullivan,Clane Musical & Dramatic Society,Sweeney Todd,,,,,,,,,None,,
26/27,Midlands,Gilbert,Clara Musical Society,Dear Evan Hansen,2026-09-19,2026-09-22,,,,,,,None,,
26/27,Western,Sullivan,Claremorris Musical Society,Calendar Girls,,,,,,,,,None,,
26/27,Eastern,Gilbert,Coolmine Musical Society,The Addams Family,,,,,,EJ Reilly,Caitriona Ni Threasaigh,Laura Douglas,None,,
26/27,South-West,Sullivan,Creative Minds Productions,Made in Dagenham,2026-07-01,2026-07-04,,,,,,,None,,
26/27,Eastern,Sullivan,"DCG Project, The",Rent,2026-06-17,2026-06-19,,,,Dominic Reid,Griffo,Chris Corroon,None,,
26/27,Eastern,Sullivan,Drogheda Musical Society,9 to 5,,,,,,Sarah Louisa Nolan,Megan Monerawela,Aisling Nally,None,,
26/27,Eastern,Gilbert,Dun Laoghaire Musical & Dramatic Society,Come From Away,,,,,,,,,None,,
26/27,Eastern,Sullivan,Dunboyne Musical Society,Sister Act,,,,,,Orla Mulreid Deane,Caitriona Ni Threasaigh,Leah Meagher,None,,
26/27,Eastern,Sullivan,Dundalk Musical Society,Calamity Jane,,,,,,,,,None,,
26/27,South-West,Non-AIMS,East Clare Musical Society,Legally Blonde,2027-02-18,2027-02-21,,,Scariff Community College,Sarah Allen,,,None,,
26/27,South-West,Gilbert,Ennis Musical Society,,,,,,,,,,None,,
26/27,South-East,Sullivan,Enniscorthy Musical Society,Guys and Dolls,,,,,,,,,None,,
26/27,Western,Sullivan,Ennistymon Choral Society,,,,,,,,,,None,,
26/27,Eastern,Gilbert,Entr'acte Musical Theatre Society,Newsies,,,,,,Gavin Murphy,Ben Cully,Leah Meagher,None,,
26/27,Northern,,Fermanagh Musical Theatre,,,,,,,,,,None,,
26/27,South-West,Sullivan,Fermoy Musical Society,"Hello, Dolly!",,,,,,,,,None,,
26/27,Midlands,,Fun House Theatre Company,,,,,,,,,,None,,
26/27,Western,Gilbert,Galway Musical Society,,,,,,,,,,None,,
26/27,Western,Gilbert,Galway University Musical Society,,,,,,,,,,None,,
26/27,Western,Sullivan,Glenamaddy Musical Society,,,,,,,,,,None,,
26/27,Eastern,Sullivan,Glencullen Dundrum MDS,,,,,,,,,,None,,
26/27,South-East,Gilbert,Gorey Musical Society,The Producers,,,,,,Tony Finnegan,Conor McCarthy,Jonny Smith,None,,
26/27,Eastern,Sullivan,Harolds Cross Tallaght Musical Society,The Wedding Singer,,,,,,Sean MacMathuna,Dermot O'Callaghan,Lauren Dooley,None,,
26/27,South-East,Gilbert,Jack Cunningham Productions,West Side Story,2026-09-02,2026-09-05,,,Theatre Royal Waterford,Jack Cunningham,Andrew Lane,Jack Cunningham,None,,
26/27,Eastern,Gilbert,Kilcock Musical & Dramatic Society,Little Shop of Horrors,,,,,,,,,None,,
26/27,South-East,Gilbert,Kilkenny Musical Society,The Hired Man,,,,,,,David Hayes,Therese O'Sullivan,None,,
26/27,Eastern,Sullivan,Kill Musical & Dramatic Society,The Hired Man,,,,,,,,,None,,
26/27,South-West,Gilbert,Killarney Musical Society,Sister Act,,,,,,,,,None,,
26/27,Eastern,Sullivan,Kilmacud Musical Society,Pirates! The Penzance Musical,,,,,,,,,None,,
26/27,Eastern,Gilbert,Kilmainham Inchicore Musical Society,We Will Rock You,,,,,,Roisin Currid,Geoff Woods,Bernie,None,,
26/27,South-West,Sullivan,Kilrush Choral Society,,,,,,,,,,None,,
26/27,Eastern,Gilbert,Leixlip Musical & Variety Group,Urinetown,,,,,,,,,None,,
26/27,Northern,Sullivan,Letterkenny Music & Drama Group,,,,,,,,,,None,,
26/27,Northern,Sullivan,Letterkenny Musical Society,,,,,,,,,,None,,
26/27,South-West,Sullivan,Light Opera Society of Tralee (LOST),Jekyll & Hyde,,,,,,,,,None,,
26/27,South-West,Sullivan,Limerick Musical Society,The Clockmaker's Daughter,,,,,,,,,None,,
26/27,Northern,Sullivan,Lisnagarvey Operatic and Dramatic Society,Little Shop of Horrors,,,,,,,,,None,,
26/27,Eastern,Gilbert,Malahide Musical & Dramatic Society,The Clockmaker's Daughter,,,,,,,,,None,,
26/27,Western,Gilbert,"Marian Choral Society, Tuam",Sweeney Todd,,,,,,,,,None,,
26/27,South-West,Sullivan,Mary I Dramatic Arts Society,,,,,,,,,,None,,
26/27,Eastern,Gilbert,Maynooth University Musical and Dramatics Society,,,,,,,,,,None,,
26/27,South-West,Gilbert,Mitchelstown Musical Society,The Little Mermaid,,,,,,,,,None,,
26/27,South-West,Gilbert,Muse Productions,West Side Story,,,,,,,,,None,,
26/27,Eastern,Sullivan,Naas Musical Society,The Clockmaker's Daughter,,,,,,,,,None,,
26/27,South-West,Sullivan,Nenagh Choral Society Ltd,The Witches of Eastwick,2027-03-10,2027-03-13,,,"Scout's Hall, Nenagh",Stephanie Browne,Laura Kearney,Stephanie Browne,None,,
26/27,South-West,Gilbert,Nenagh Choral Society Youth Academy,,,,,,,,,,None,,
26/27,South-East,Sullivan,New Ross Musical Society,Jesus Christ Superstar,,,,,,,,,None,,
26/27,Midlands,Gilbert,Newbridge Musical Society,Chess,,,,,,,,,None,,
26/27,Northern,Gilbert,Newcastle Glees Musical Society,,,,,,,,,,None,,
26/27,South-West,Sullivan,Newcastlewest Musical Society,,,,,,,,,,None,,
26/27,Northern,Sullivan,Newry Youth Performing Arts,,,,,,,,,,None,,
26/27,Northern,Gilbert,North East Musical and Dramatic Society,The Addams Family,,,,,,,,,None,,
26/27,South-East,Gilbert,North Wexford Musical Theatre,Our House,2026-09-17,2026-09-19,,,Gorey Little Theatre,Roisin Currid,Conor McCarthy,Roisin Currid,None,,
26/27,South-East,Gilbert,Oyster Lane Theatre Group,The Prince of Egypt,2026-11-22,2026-11-26,,,"National Opera House, Wexford",Imelda McDonagh,Patrick Clancy,Jonny Smith,None,,
26/27,Western,Sullivan,"Pop-Up Theatre, Sligo",,,,,,,,,,None,,
26/27,Midlands,Gilbert,Portlaoise Musical Society,Young Frankenstein,,,,,,,,,None,,
26/27,Northern,Sullivan,Portrush Music Society,Come From Away,2026-05-28,2026-06-06,,,,,,,None,,
26/27,South-East,Gilbert,Quayplayers Musical & Dramatic Society,,,,,,,,,,None,,
26/27,Northern,Sullivan,Queen's Musical Theatre Society,,,,,,,,,,None,,
26/27,Eastern,Sullivan,Rathmines & Rathgar Musical Society,The Hunchback of Notre Dame,,,,,,,,,None,,
26/27,Eastern,Sullivan,Ratoath Musical Society,Little Shop of Horrors,,,,,,,,,None,,
26/27,South-West,Sullivan,Roscrea Musical Society,Newsies,2027-04-26,2027-05-01,,,,,,,None,,
26/27,Eastern,Gilbert,Rush Musical Society,Come From Away,,,,,,,,,None,,
26/27,Eastern,Gilbert,SGPA,,,,,,,,,,None,,
26/27,South-West,Gilbert,Shannon Musical Society,Wonderland,,,,,,,,,None,,
26/27,Western,Sullivan,Sligo Fun Company,,,,,,,,,,None,,
26/27,Western,Sullivan,Sligo Musical Society,The Addams Family,,,,,,,,,None,,
26/27,Northern,Gilbert,St. Agnes Choral Society,Shrek,,,,,,,,,None,,
26/27,Western,Sullivan,St. Brendan's Choral and Dramatic Society,,,,,,,,,,None,,
26/27,South-West,Gilbert,"St. Mary's Choral Society, Clonmel",Chess,,,,,,,,,None,,
26/27,Eastern,Gilbert,"St. Marys Musical Society, Navan",Fiddler on the Roof,,,,,,,,,None,,
26/27,Midlands,Gilbert,"St. Mel's Musical Society, Longford",Beauty and the Beast,,,,,,,,,None,,
26/27,South-East,Sullivan,St. Michael's Theatre Musical Society,Michael Collins - A Musical Drama,2026-11-16,2026-11-21,,,,,,,None,,
26/27,Northern,Gilbert,"St. Patrick's Choral Society, Downpatrick",,,,,,,,,,None,,
26/27,Eastern,Sullivan,Stage One New-Musical Group (S.O.N.G.),Elf,2026-11-18,2026-11-22,,,An Táin Arts Centre,Terese Dunne & Moya Hodgers,Patrick Dunne,Sarah Dunne & Tara Gill,None,,
26/27,South-East,Sullivan,Striking Productions Carlow,,,,,,,,,,None,,
26/27,Eastern,Gilbert,Teachers' Musical Society,Little Shop of Horrors,,,,,,,,,None,,
26/27,Midlands,Gilbert,The Odd Theatre Company,My Fair Lady,,,,,,,,,None,,
26/27,Eastern,Sullivan,Thunderstruck Productions,The Band - The Take That Musical,2026-08-28,2026-08-29,,,"The Helix, Dublin",Amy White Lambe,Eoghan Connolly,Amy White Lambe,None,,
26/27,South-West,Sullivan,Thurles Musical Society,Come From Away,2026-09-10,2026-09-12,,,The Premier Hall,Oliver Hurley,Mary Rose McNally,Oliver Hurley,None,,
26/27,South-West,Gilbert,Tipperary Musical Society,Sister Act,,,,,,,,,None,,
26/27,South-West,Gilbert,Tralee Musical Society,Made in Dagenham,,,,,,,,,None,,
26/27,Eastern,Gilbert,Trim Musical Society,Sweet Charity,,,,,,,,,None,,
26/27,Eastern,Gilbert,Trinity Musical Theatre Society,,,,,,,,,,None,,
26/27,Midlands,Gilbert,Tullamore Musical Society,The Producers,,,,,,,,,None,,
26/27,Northern,Sullivan,Tullyvin Musical Society,Shrek,,,,,,,,,None,,
26/27,Eastern,Gilbert,UCD Musical Society,Next To Normal,2026-09-24,2026-09-26,,,UCD Astra Hall,Emma Rogerson,Lucy Sky Dunne,Kerri McAllister,None,,
26/27,Northern,Sullivan,Ulster Operatic Company,The Addams Family,,,,,,,,,None,,
26/27,South-East,Sullivan,Waterford Musical Society,Jekyll & Hyde,,,,,,,,,None,,
26/27,South-East,Gilbert,Wexford Light Opera Society,Evita,,,,,,,,,None,,
27/28,Western,,9 Arch Musical Society,,,,,,,,,,None,,
27/28,Western,,Achill Musical & Dramatic Society,,,,,,,,,,None,,
27/28,South-West,,Aghada Centre Theatre Group,,,,,,,,,,None,,
27/28,Midlands,,Athlone Musical Society,,,,,,,,,,None,,
27/28,South-East,,Avonmore Musical Society,,,,,,,,,,None,,
27/28,Eastern,,Baldoyle Musical Society,,,,,,,,,,None,,
27/28,Midlands,,Ballinasloe Musical Society,,,,,,,,,,None,,
27/28,Western,,Ballinrobe Musical Society,,,,,,,,,,None,,
27/28,Northern,,Ballyshannon Musical Society,,,,,,,,,,None,,
27/28,Northern,,Ballywillan Drama Group,,,,,,,,,,None,,
27/28,Northern,,Banbridge Musical Society,,,,,,,,,,None,,
27/28,Northern,,Belfast Operatic Company,,,,,,,,,,None,,
27/28,South-West,,Bellvue Academy of Performing Arts,,,,,,,,,,None,,
27/28,Midlands,,Birr Stage Guild,,,,,,,,,,None,,
27/28,Northern,,Bosco Drama Group,,,,,,,,,,None,,
27/28,Western,,Boyle Musical Society,,,,,,,,,,None,,
27/28,Western,,Bravo Theatre Group,,,,,,,,,,None,,
27/28,South-East,,Bray Musical Society,,,,,,,,,,None,,
27/28,South-East,,Carnew Musical Society,,,,,,,,,,None,,
27/28,South-West,,Carrick-on-Suir Musical Society,,,,,,,,,,None,,
27/28,South-West,,Carrigaline Musical Society,,,,,,,,,,None,,
27/28,Western,,Castlebar Musical & Dramatic Society,,,,,,,,,,None,,
27/28,Western,,Castlerea Musical Society,,,,,,,,,,None,,
27/28,South-West,,"Cecilian Musical Society, Limerick",,,,,,,,,,None,,
27/28,Eastern,,Clane Musical & Dramatic Society,,,,,,,,,,None,,
27/28,Midlands,,Clara Musical Society,,,,,,,,,,None,,
27/28,Western,,Claremorris Musical Society,,,,,,,,,,None,,
27/28,Eastern,,Coolmine Musical Society,,,,,,,,,,None,,
27/28,South-West,,Creative Minds Productions,,,,,,,,,,None,,
27/28,Eastern,,"DCG Project, The",,,,,,,,,,None,,
27/28,Eastern,,Dun Laoghaire Musical & Dramatic Society,,,,,,,,,,None,,
27/28,Eastern,,Dunboyne Musical Society,,,,,,,,,,None,,
27/28,Eastern,,Dundalk Musical Society,,,,,,,,,,None,,
27/28,South-West,,East Clare Musical Society,,,,,,,,,,None,,
27/28,South-West,,Ennis Musical Society,,,,,,,,,,None,,
27/28,South-East,,Enniscorthy Musical Society,,,,,,,,,,None,,
27/28,Western,,Ennistymon Choral Society,,,,,,,,,,None,,
27/28,Eastern,,Entr'acte Musical Theatre Society,,,,,,,,,,None,,
27/28,Northern,,Fermanagh Musical Theatre,,,,,,,,,,None,,
27/28,South-West,,Fermoy Musical Society,,,,,,,,,,None,,
27/28,Midlands,,Fun House Theatre Company,,,,,,,,,,None,,
27/28,Western,,Galway Musical Society,,,,,,,,,,None,,
27/28,Western,,Galway University Musical Society,,,,,,,,,,None,,
27/28,Western,,Glenamaddy Musical Society,,,,,,,,,,None,,
27/28,Eastern,,Glencullen Dundrum MDS,,,,,,,,,,None,,
27/28,South-East,,Gorey Musical Society,,,,,,,,,,None,,
27/28,Eastern,,Harolds Cross Tallaght Musical Society,,,,,,,,,,None,,
27/28,South-East,,Jack Cunningham Productions,,,,,,,,,,None,,
27/28,Eastern,,Kilcock Musical & Dramatic Society,,,,,,,,,,None,,
27/28,South-East,,Kilkenny Musical Society,,,,,,,,,,None,,
27/28,Eastern,,Kill Musical & Dramatic Society,,,,,,,,,,None,,
27/28,South-West,,Killarney Musical Society,,,,,,,,,,None,,
27/28,Eastern,,Kilmacud Musical Society,,,,,,,,,,None,,
27/28,Eastern,,Kilmainham Inchicore Musical Society,,,,,,,,,,None,,
27/28,South-West,,Kilrush Choral Society,,,,,,,,,,None,,
27/28,Eastern,,Leixlip Musical & Variety Group,,,,,,,,,,None,,
27/28,Northern,,Letterkenny Music & Drama Group,,,,,,,,,,None,,
27/28,Northern,,Letterkenny Musical Society,,,,,,,,,,None,,
27/28,South-West,,Light Opera Society of Tralee (LOST),,,,,,,,,,None,,
27/28,South-West,,Limerick Musical Society,,,,,,,,,,None,,
27/28,Eastern,,Malahide Musical & Dramatic Society,,,,,,,,,,None,,
27/28,Western,,"Marian Choral Society, Tuam",,,,,,,,,,None,,
27/28,South-West,,Mary I Dramatic Arts Society,,,,,,,,,,None,,
27/28,Eastern,,Maynooth University Musical and Dramatics Society,,,,,,,,,,None,,
27/28,South-West,,Mitchelstown Musical Society,,,,,,,,,,None,,
27/28,South-West,,Muse Productions,,,,,,,,,,None,,
27/28,Eastern,,Naas Musical Society,,,,,,,,,,None,,
27/28,South-West,,Nenagh Choral Society Ltd,,,,,,,,,,None,,
27/28,South-West,,Nenagh Choral Society Youth Academy,,,,,,,,,,None,,
27/28,South-East,,New Ross Musical Society,,,,,,,,,,None,,
27/28,Midlands,,Newbridge Musical Society,,,,,,,,,,None,,
27/28,Northern,,Newcastle Glees Musical Society,,,,,,,,,,None,,
27/28,South-West,,Newcastlewest Musical Society,,,,,,,,,,None,,
27/28,Northern,,Newry Youth Performing Arts,,,,,,,,,,None,,
27/28,Northern,,North East Musical and Dramatic Society,,,,,,,,,,None,,
27/28,South-East,,North Wexford Musical Theatre,,,,,,,,,,None,,
27/28,South-East,,Oyster Lane Theatre Group,Sister Act,,,,,,,,,None,,
27/28,Western,,"Pop-Up Theatre, Sligo",,,,,,,,,,None,,
27/28,Midlands,,Portlaoise Musical Society,,,,,,,,,,None,,
27/28,Northern,,Portrush Music Society,,,,,,,,,,None,,
27/28,South-East,,Quayplayers Musical & Dramatic Society,,,,,,,,,,None,,
27/28,Northern,,Queen's Musical Theatre Society,,,,,,,,,,None,,
27/28,Eastern,,Rathmines & Rathgar Musical Society,,,,,,,,,,None,,
27/28,Eastern,,Ratoath Musical Society,,,,,,,,,,None,,
27/28,South-West,,Roscrea Musical Society,,,,,,,,,,None,,
27/28,Eastern,,Rush Musical Society,,,,,,,,,,None,,
27/28,Eastern,,SGPA,,,,,,,,,,None,,
27/28,South-West,,Shannon Musical Society,,,,,,,,,,None,,
27/28,Western,,Sligo Fun Company,,,,,,,,,,None,,
27/28,Western,,Sligo Musical Society,,,,,,,,,,None,,
27/28,Northern,,St. Agnes Choral Society,,,,,,,,,,None,,
27/28,Western,,St. Brendan's Choral and Dramatic Society,,,,,,,,,,None,,
27/28,South-West,,"St. Mary's Choral Society, Clonmel",,,,,,,,,,None,,
27/28,Eastern,,"St. Marys Musical Society, Navan",,,,,,,,,,None,,
27/28,South-East,,St. Michael's Theatre Musical Society,,,,,,,,,,None,,
27/28,Northern,,"St. Patrick's Choral Society, Downpatrick",,,,,,,,,,None,,
27/28,Eastern,,Stage One New-Musical Group (S.O.N.G.),,,,,,,,,,None,,
27/28,South-East,,Striking Productions Carlow,,,,,,,,,,None,,
27/28,South-East,,Studio 55 Dance Academy,,,,,,,,,,None,,
27/28,Eastern,,Teachers' Musical Society,,,,,,,,,,None,,
27/28,Midlands,,The Odd Theatre Company,,,,,,,,,,None,,
27/28,South-West,,Thurles Musical Society,,,,,,,,,,None,,
27/28,South-West,,Tipperary Musical Society,,,,,,,,,,None,,
27/28,South-West,,Tralee Musical Society,,,,,,,,,,None,,
27/28,Eastern,,Trim Musical Society,,,,,,,,,,None,,
27/28,Eastern,,Trinity Musical Theatre Society,,,,,,,,,,None,,
27/28,Midlands,,Tullamore Musical Society,,,,,,,,,,None,,
27/28,Northern,,Tullyvin Musical Society,,,,,,,,,,None,,
27/28,Eastern,,UCD Musical Society,,,,,,,,,,None,,
27/28,Northern,,Ulster Operatic Company,,,,,,,,,,None,,
27/28,South-East,,Waterford Musical Society,,,,,,,,,,None,,
27/28,South-East,,Wexford Light Opera Society,,,,,,,,,,None,,
