id,name,region,section,section_as_of,section_history,notes
1,9 Arch Musical Society,Western,Gilbert,26/27,23/24: Sullivan · 24/25: Gilbert · 25/26: Gilbert · 26/27: Gilbert · 27/28: Gilbert,
2,Achill Musical & Dramatic Society,Western,Non-AIMS,,,Not on AIMS register
3,Aghada Centre Theatre Group,South-West,Gilbert,26/27,23/24: Sullivan · 24/25: Sullivan · 25/26: Gilbert · 26/27: Gilbert · 27/28: Sullivan,
4,Athlone Musical Society,Midlands,Gilbert,26/27,,
5,Avonmore Musical Society,South-East,Gilbert,26/27,23/24: Gilbert · 24/25: Gilbert · 25/26: Sullivan · 26/27: Gilbert · 27/28: Gilbert,
6,Baldoyle Musical Society,Eastern,Sullivan,26/27,,
7,Ballinasloe Musical Society,Midlands,Sullivan,26/27,,
8,Ballinrobe Musical Society,Western,Gilbert,26/27,,
9,Ballyshannon Musical Society,Northern,Sullivan,26/27,,
10,Ballywillan Drama Group,Northern,Sullivan,26/27,23/24: Gilbert · 24/25: Sullivan · 25/26: Sullivan · 26/27: Sullivan · 27/28: Sullivan,
11,Banbridge Musical Society,Northern,Gilbert,24/25,,
12,Belfast Operatic Company,Northern,Gilbert,26/27,,
13,Bellvue Academy of Performing Arts,South-West,Sullivan,26/27,,
14,Birr Stage Guild,Midlands,Sullivan,26/27,,
15,Bosco Drama Group,Northern,Gilbert,26/27,23/24: Sullivan · 24/25: Gilbert · 25/26: Gilbert · 26/27: Gilbert · 27/28: Gilbert,
16,Boyle Musical Society,Western,Sullivan,26/27,,
17,Bravo Theatre Group,Western,Gilbert,26/27,,
18,Bray Musical Society,South-East,Sullivan,26/27,,
19,Carnew Musical Society,South-East,Gilbert,26/27,,
20,Carrick-on-Suir Musical Society,South-West,Gilbert,26/27,,
21,Carrigaline Musical Society,South-West,Sullivan,26/27,,
22,Castlebar Musical & Dramatic Society,Western,Sullivan,26/27,,
23,Castlerea Musical Society,Western,Sullivan,26/27,,
24,"Cecilian Musical Society, Limerick",South-West,Gilbert,26/27,,
25,Clane Musical & Dramatic Society,Eastern,Sullivan,26/27,23/24: Sullivan · 24/25: Sullivan · 25/26: Gilbert · 26/27: Sullivan · 27/28: Sullivan,
26,Clara Musical Society,Midlands,Gilbert,26/27,,
27,Claremorris Musical Society,Western,Sullivan,26/27,,
28,Coolmine Musical Society,Eastern,Gilbert,26/27,,
29,Craic Theatre,Northern,Sullivan,23/24,,
30,Creative Minds Productions,South-West,Sullivan,26/27,,
31,"DCG Project, The",Eastern,Sullivan,26/27,,
32,DCU Drama Society,Eastern,Sullivan,23/24,,
33,Drogheda Musical Society,Eastern,Sullivan,26/27,,
34,Dun Laoghaire Musical & Dramatic Society,Eastern,Gilbert,26/27,23/24: Sullivan · 24/25: Sullivan · 25/26: Gilbert · 26/27: Gilbert · 27/28: Gilbert,
35,Dunboyne Musical Society,Eastern,Sullivan,26/27,23/24: Gilbert · 24/25: Gilbert · 25/26: Sullivan · 26/27: Sullivan · 27/28: Gilbert,
36,Dundalk Musical Society,Eastern,Sullivan,26/27,,
37,Dunmore Musical Society,Western,Sullivan,24/25,,
38,East Clare Musical Society,South-West,Non-AIMS,,,Not on AIMS register; region assigned geographically – please confirm
39,Encore Performing Arts Academy,Northern,Sullivan,23/24,,
40,Ennis Musical Society,South-West,Gilbert,26/27,,
41,Enniscorthy Musical Society,South-East,Sullivan,26/27,23/24: Sullivan · 24/25: Sullivan · 25/26: Gilbert · 26/27: Sullivan · 27/28: Sullivan,
42,Ennistymon Choral Society,Western,Sullivan,26/27,,
43,Entr'acte Musical Theatre Society,Eastern,Gilbert,26/27,,
44,Fermanagh Musical Theatre,Northern,Sullivan,25/26,,
45,Fermoy Musical Society,South-West,Sullivan,26/27,,
46,Fortwilliam Musical Society,Northern,Sullivan,25/26,,
47,Fun House Theatre Company,Midlands,Sullivan,23/24,,
48,Galway Musical Society,Western,Gilbert,26/27,,
49,Galway University Musical Society,Western,Gilbert,26/27,,
50,Glenamaddy Musical Society,Western,Sullivan,26/27,,
51,Glencullen Dundrum MDS,Eastern,Sullivan,26/27,23/24: Sullivan · 24/25: Sullivan · 25/26: Gilbert · 26/27: Sullivan · 27/28: Sullivan,
52,Gorey Musical Society,South-East,Gilbert,26/27,,
53,Greasepaint Productions,Northern,Sullivan,25/26,,
54,Harolds Cross Tallaght Musical Society,Eastern,Sullivan,26/27,23/24: Gilbert · 24/25: Gilbert · 25/26: Sullivan · 26/27: Sullivan · 27/28: Sullivan,
55,Jack Cunningham Productions,South-East,Gilbert,26/27,23/24: Sullivan · 24/25: Gilbert · 25/26: Gilbert · 26/27: Gilbert · 27/28: Gilbert,
56,Kilcock Musical & Dramatic Society,Eastern,Gilbert,26/27,,
57,Kilkenny Musical Society,South-East,Gilbert,26/27,,
58,Kill Musical & Dramatic Society,Eastern,Sullivan,26/27,,
59,Killarney Musical Society,South-West,Gilbert,26/27,23/24: Sullivan · 24/25: Gilbert · 25/26: Gilbert · 26/27: Gilbert · 27/28: Gilbert,
60,Kilmacud Musical Society,Eastern,Sullivan,26/27,,
61,Kilmainham Inchicore Musical Society,Eastern,Gilbert,26/27,23/24: Sullivan · 24/25: Gilbert · 25/26: Gilbert · 26/27: Gilbert · 27/28: Gilbert,
62,Kilrush Choral Society,South-West,Sullivan,26/27,,
63,Leixlip Musical & Variety Group,Eastern,Gilbert,26/27,,
64,Letterkenny Music & Drama Group,Northern,Sullivan,26/27,23/24: Sullivan · 24/25: Sullivan · 25/26: Gilbert · 26/27: Sullivan · 27/28: Sullivan,
65,Letterkenny Musical Society,Northern,Sullivan,26/27,,
66,Light Opera Society of Tralee (LOST),South-West,Sullivan,26/27,,
67,Limerick Musical Society,South-West,Sullivan,26/27,,
68,Lisnagarvey Operatic and Dramatic Society,Northern,Sullivan,26/27,,
69,Londonderry Musical Society,Northern,Gilbert,25/26,23/24: Sullivan · 24/25: Sullivan · 25/26: Gilbert,
70,Malahide Musical & Dramatic Society,Eastern,Gilbert,26/27,,
71,"Marian Choral Society, Tuam",Western,Gilbert,26/27,,
72,Mary I Dramatic Arts Society,South-West,Sullivan,26/27,,
73,Maynooth University Musical and Dramatics Society,Eastern,Gilbert,26/27,,
74,Mitchelstown Musical Society,South-West,Gilbert,26/27,23/24: Sullivan · 24/25: Gilbert · 25/26: Gilbert · 26/27: Gilbert · 27/28: Gilbert,
75,Muse Productions,South-West,Gilbert,26/27,,
76,Naas Musical Society,Eastern,Sullivan,26/27,,
77,Nenagh Choral Society Ltd,South-West,Sullivan,26/27,,
78,Nenagh Choral Society Youth Academy,South-West,Gilbert,26/27,23/24: Sullivan · 24/25: Gilbert · 25/26: Gilbert · 26/27: Gilbert · 27/28: Gilbert,
79,New Ross Musical Society,South-East,Sullivan,26/27,23/24: Gilbert · 24/25: Gilbert · 25/26: Sullivan · 26/27: Sullivan · 27/28: Gilbert,
80,Newbridge Musical Society,Midlands,Gilbert,26/27,23/24: Gilbert · 24/25: Gilbert · 25/26: Sullivan · 26/27: Gilbert · 27/28: Gilbert,
81,Newcastle Glees Musical Society,Northern,Gilbert,26/27,,
82,Newcastlewest Musical Society,South-West,Sullivan,26/27,,
83,Newry Musical Society,Northern,Sullivan,23/24,,
84,Newry Youth Performing Arts,Northern,Sullivan,26/27,,
85,North East Musical and Dramatic Society,Northern,Gilbert,26/27,23/24: Sullivan · 24/25: Gilbert · 25/26: Gilbert · 26/27: Gilbert · 27/28: Gilbert,
86,North Wexford Musical Theatre,South-East,Sullivan,26/27,23/24: Sullivan · 24/25: Gilbert · 25/26: Gilbert · 26/27: Sullivan · 27/28: Sullivan,
87,Oyster Lane Theatre Group,South-East,Gilbert,26/27,,
88,"Pop-Up Theatre, Sligo",Western,Sullivan,26/27,24/25: Sullivan · 25/26: Gilbert · 26/27: Sullivan · 27/28: Sullivan,
89,Portlaoise Musical Society,Midlands,Gilbert,26/27,,
90,Portrush Music Society,Northern,Sullivan,26/27,,
91,Quayplayers Musical & Dramatic Society,South-East,Gilbert,26/27,,Formerly David Hennessy Musical & Dramatic Society (DHMDS) – rebranded
92,Queen's Musical Theatre Society,Northern,Sullivan,26/27,,
93,Rathmines & Rathgar Musical Society,Eastern,Sullivan,26/27,,
94,Ratoath Musical Society,Eastern,Sullivan,26/27,,
95,Roscrea Musical Society,South-West,Sullivan,26/27,23/24: Gilbert · 24/25: Sullivan · 25/26: Sullivan · 26/27: Sullivan · 27/28: Sullivan,
96,Rush Musical Society,Eastern,Gilbert,26/27,,
97,SGPA,Eastern,Gilbert,26/27,,"Listed on the AIMS register as ""SGPA"" only"
98,Shannon Musical Society,South-West,Gilbert,26/27,23/24: Gilbert · 24/25: Gilbert · 25/26: Sullivan · 26/27: Gilbert · 27/28: Gilbert,
99,Sligo Fun Company,Western,Sullivan,26/27,,
100,Sligo Musical Society,Western,Sullivan,26/27,,
101,St. Agnes Choral Society,Northern,Gilbert,26/27,,
102,St. Brendan's Choral and Dramatic Society,Western,Sullivan,26/27,,
103,"St. Mary's Choral Society, Clonmel",South-West,Gilbert,26/27,,
104,"St. Marys Musical Society, Navan",Eastern,Gilbert,26/27,,
105,"St. Mel's Musical Society, Longford",Midlands,Gilbert,26/27,,
106,St. Michael's Theatre Musical Society,South-East,Sullivan,26/27,,
107,"St. Patrick's Choral Society, Downpatrick",Northern,Gilbert,26/27,23/24: Gilbert · 24/25: Gilbert · 25/26: Sullivan · 26/27: Gilbert · 27/28: Gilbert,
108,Stage One New-Musical Group (S.O.N.G.),Eastern,Sullivan,26/27,,
109,Striking Productions Carlow,South-East,Sullivan,26/27,,
110,Studio 55 Dance Academy,South-East,Sullivan,23/24,,"AIMS register lists this as ""Studio 55 Productions"""
111,Teachers' Musical Society,Eastern,Gilbert,26/27,,
112,The Odd Theatre Company,Midlands,Gilbert,26/27,23/24: Sullivan · 24/25: Sullivan · 25/26: Gilbert · 26/27: Gilbert · 27/28: Gilbert,
113,Thunderstruck Productions,Eastern,Sullivan,26/27,,New group – has a 26/27 tier but is not yet listed on the AIMS website register
114,Thurles Musical Society,South-West,Gilbert,26/27,,
115,Tipperary Musical Society,South-West,Gilbert,26/27,,
116,Tralee Musical Society,South-West,Gilbert,26/27,,
117,Trim Musical Society,Eastern,Gilbert,26/27,,
118,Trinity Musical Theatre Society,Eastern,Gilbert,26/27,23/24: Sullivan · 24/25: Gilbert · 25/26: Gilbert · 26/27: Gilbert · 27/28: Gilbert,
119,Tullamore Musical Society,Midlands,Gilbert,26/27,,
120,Tullyvin Musical Society,Northern,Sullivan,26/27,,
121,UCC Musical Theatre Society,South-West,Sullivan,25/26,,
122,UCD Musical Society,Eastern,Gilbert,26/27,,
123,Ulster Operatic Company,Northern,Sullivan,26/27,23/24: Gilbert · 24/25: Sullivan · 25/26: Gilbert · 26/27: Sullivan · 27/28: Sullivan,
124,University of Limerick Musical Theatre Society,South-West,Sullivan,25/26,,
125,Waterford Musical Society,South-East,Sullivan,26/27,23/24: Gilbert · 25/26: Sullivan · 26/27: Sullivan · 27/28: Gilbert,
126,Wexford Light Opera Society,South-East,Gilbert,26/27,,
127,Youghal Musical Society,South-West,Sullivan,25/26,,
128,Abú! Performing Arts,Western,Inactive,,,On AIMS register; no adjudicated show in 23/24–27/28 data
129,Arklow Panto Creations,South-East,Inactive,,,On AIMS register; no adjudicated show in 23/24–27/28 data
130,Athenry Youth Musical Theatre,Western,Inactive,,,On AIMS register; no adjudicated show in 23/24–27/28 data
131,Ballinasloe Panto Company,Midlands,Inactive,,,On AIMS register; no adjudicated show in 23/24–27/28 data
132,Bardic Theatre,Northern,Inactive,,,On AIMS register; no adjudicated show in 23/24–27/28 data
133,Castlebar Pantomime,Western,Inactive,,,On AIMS register; no adjudicated show in 23/24–27/28 data
134,Cecilian Theatre Arts,Eastern,Inactive,,,On AIMS register; no adjudicated show in 23/24–27/28 data
135,Cork City Musical Society,South-West,Inactive,,,On AIMS register; no adjudicated show in 23/24–27/28 data
136,Currid School of Performing Arts,South-East,Inactive,,,On AIMS register; no adjudicated show in 23/24–27/28 data
137,Donegal Youth Musical Theatre,Northern,Inactive,,,On AIMS register; no adjudicated show in 23/24–27/28 data
138,Dunshaughlin Musical Society,Eastern,Inactive,,,On AIMS register; no adjudicated show in 23/24–27/28 data
139,Enniskillen Light Operatic Society,Northern,Inactive,,,On AIMS register; no adjudicated show in 23/24–27/28 data
140,Glasnevin Musical Society,Eastern,Inactive,,,On AIMS register; no adjudicated show in 23/24–27/28 data
141,Glenties Drama Group,Northern,Inactive,,,On AIMS register; no adjudicated show in 23/24–27/28 data
142,"Golden Apple Players, The",Northern,Inactive,,,On AIMS register; no adjudicated show in 23/24–27/28 data
143,Hammer and Nail Theatre Group,Eastern,Inactive,,,On AIMS register; no adjudicated show in 23/24–27/28 data
144,Inchicore Variety Group,Eastern,Inactive,,,On AIMS register; no adjudicated show in 23/24–27/28 data
145,Inish Theatre Group,Northern,Inactive,,,On AIMS register; no adjudicated show in 23/24–27/28 data
146,Innovations Theatre School,South-East,Inactive,,,On AIMS register; no adjudicated show in 23/24–27/28 data
147,Kells Musical Society,Eastern,Inactive,,,On AIMS register; no adjudicated show in 23/24–27/28 data
148,Kilkerrin Youth Musical,Midlands,Inactive,,,On AIMS register; no adjudicated show in 23/24–27/28 data
149,Loughrea Musical Society,Western,Inactive,,,On AIMS register; no adjudicated show in 23/24–27/28 data
150,Loving Life Choir,Eastern,Inactive,,,On AIMS register; no adjudicated show in 23/24–27/28 data
151,MTU Musical Society,South-West,Inactive,,,On AIMS register; no adjudicated show in 23/24–27/28 data
152,Mallow Musical Society,South-West,Inactive,,,On AIMS register; no adjudicated show in 23/24–27/28 data
153,Marian College Musical Society,Eastern,Inactive,,,On AIMS register; no adjudicated show in 23/24–27/28 data
154,Moycullen,Western,Inactive,,,On AIMS register; no adjudicated show in 23/24–27/28 data
155,NOVA Theatre Group,South-West,Inactive,,,On AIMS register; no adjudicated show in 23/24–27/28 data
156,O'Connell Musical Society,Eastern,Inactive,,,On AIMS register; no adjudicated show in 23/24–27/28 data
157,Pantaloons,South-West,Inactive,,,On AIMS register; no adjudicated show in 23/24–27/28 data
158,Phoenix Performing Arts College,Eastern,Inactive,,,On AIMS register; no adjudicated show in 23/24–27/28 data
159,Phoenix Productions,South-West,Inactive,,,On AIMS register; no adjudicated show in 23/24–27/28 data
160,Pioneer Musical & Dramatic Society,Eastern,Inactive,,,On AIMS register; no adjudicated show in 23/24–27/28 data
161,Portadown Phoenix players,Northern,Inactive,,,On AIMS register; no adjudicated show in 23/24–27/28 data
162,Portarlington Musical Society,Midlands,Inactive,,,On AIMS register; no adjudicated show in 23/24–27/28 data
163,Portmarnock Musical & Dramatic Society,Eastern,Inactive,,,On AIMS register; no adjudicated show in 23/24–27/28 data
164,Renmore Pantomime Society clg,Western,Inactive,,,On AIMS register; no adjudicated show in 23/24–27/28 data
165,Roundwood Variety Group,South-East,Inactive,,,On AIMS register; no adjudicated show in 23/24–27/28 data
166,Rush Panto Society,Eastern,Inactive,,,On AIMS register; no adjudicated show in 23/24–27/28 data
167,Sheevawn Musical Youth Theatre,Eastern,Inactive,,,On AIMS register; no adjudicated show in 23/24–27/28 data
168,South Eastern Theatre Group,South-East,Inactive,,,On AIMS register; no adjudicated show in 23/24–27/28 data
169,St. Agnes' Musical Society,Eastern,Inactive,,,On AIMS register; no adjudicated show in 23/24–27/28 data
170,St. MacNissi's Choral & Dramatic Society,Northern,Inactive,,,On AIMS register; no adjudicated show in 23/24–27/28 data
171,St. Mary's College CSSp Musical Society,Eastern,Inactive,,,On AIMS register; no adjudicated show in 23/24–27/28 data
172,"St. Patrick's Hall Musical Society, Strabane",Northern,Inactive,,,On AIMS register; no adjudicated show in 23/24–27/28 data
173,Stage Door and More Ireland,Eastern,Inactive,,,On AIMS register; no adjudicated show in 23/24–27/28 data
174,Stage Left Youth Theatre,Western,Inactive,,,On AIMS register; no adjudicated show in 23/24–27/28 data
175,Studio 55 Productions,South-East,Inactive,,,On AIMS register; no adjudicated show in 23/24–27/28 data
176,The Little Sea Musical Society,South-East,Inactive,,,On AIMS register; no adjudicated show in 23/24–27/28 data
177,The Now and Then Production Company,Eastern,Inactive,,,On AIMS register; no adjudicated show in 23/24–27/28 data
178,Tralee Musical Society Youths,South-West,Inactive,,,On AIMS register; no adjudicated show in 23/24–27/28 data
179,Twin Productions,Western,Inactive,,,On AIMS register; no adjudicated show in 23/24–27/28 data
